,P/O NO,GITEM,공정명,공정순서,조합분류,납기일,원단너비,생산길이,배합코드,ID,공정분류
0,SW1250502301,30151,안료접착,1,2,2025-05-22,1500,3100.0,T02159,30151_안료접착_1500_T02159_2_M5,안료
1,SW1250502301,30151,MIBK SR,2,2,2025-05-22,1500,3100.0,T02149,30151_MIBK SR_1500_T02149_2_M5,SR
2,SW1250502301,30151,투명점착,3,2,2025-05-22,1500,3100.0,W2010,30151_투명점착_1500_W2010_2_M5,투명
3,SW1250502301,30151,인쇄,4,2,2025-05-22,1500,3100.0,배합X,30151_인쇄_1500_배합X_2_M5,인쇄
4,"SW1250506102, SW1250506104",31539,염료점착,1,1,2025-05-28,1500,9920.0,T02299,31539_염료점착_1500_T02299_1_M5,염료
5,SW1250506103,31539,염료점착,1,2,2025-05-28,1500,14880.0,T02299,31539_염료점착_1500_T02299_2_M5,염료
6,SW1250506101,31539,염료점착,1,4,2025-05-28,1300,7440.0,T02299,31539_염료점착_1300_T02299_4_M5,염료
7,"SW1250506102, SW1250506104",31539,유광 S/R,2,1,2025-05-28,1500,9920.0,T02149,31539_유광 S/R_1500_T02149_1_M5,SR
8,SW1250506103,31539,유광 S/R,2,2,2025-05-28,1500,14880.0,T02149,31539_유광 S/R_1500_T02149_2_M5,SR
9,SW1250506101,31539,유광 S/R,2,4,2025-05-28,1300,7440.0,T02149,31539_유광 S/R_1300_T02149_4_M5,SR
10,"SW1250506109, SW1250506113",31540,염료점착,1,1,2025-05-28,1500,9920.0,T02296,31540_염료점착_1500_T02296_1_M5,염료
11,"SW1250506110, SW1250506601, SW1250506111",31540,염료점착,1,2,2025-05-28,1500,7440.0,T02296,31540_염료점착_1500_T02296_2_M5,염료
12,"SW1250506109, SW1250506113",31540,유광 S/R,2,1,2025-05-28,1500,9920.0,T02149,31540_유광 S/R_1500_T02149_1_M5,SR
13,"SW1250506110, SW1250506601, SW1250506111",31540,유광 S/R,2,2,2025-05-28,1500,7440.0,T02149,31540_유광 S/R_1500_T02149_2_M5,SR
14,"SW1250506114, SW1250506117",31541,염료점착,1,1,2025-05-28,1500,3720.0,T02300,31541_염료점착_1500_T02300_1_M5,염료
15,"SW1250506115, SW1250506116",31541,염료점착,1,2,2025-05-28,1500,3720.0,T02300,31541_염료점착_1500_T02300_2_M5,염료
16,"SW1250506114, SW1250506117",31541,유광 S/R,2,1,2025-05-28,1500,3720.0,T02149,31541_유광 S/R_1500_T02149_1_M5,SR
17,"SW1250506115, SW1250506116",31541,유광 S/R,2,2,2025-05-28,1500,3720.0,T02149,31541_유광 S/R_1500_T02149_2_M5,SR
18,SW1250407101,31704,PPF점착,1,0,2025-05-21,1500,300.0,T0915,31704_PPF점착_1500_T0915_0_M5,투명
19,SW1250407101,31704,TOP COATING,2,0,2025-05-21,1500,300.0,T01715,31704_TOP COATING_1500_T01715_0_M5,SR
20,SW1250505401,31772,ESR,1,4,2025-05-28,1300,1470.0,T01020,31772_ESR_1300_T01020_4_M5,SR
21,SW1250505401,31772,비산점착,2,4,2025-05-28,1300,1470.0,T01226,31772_비산점착_1300_T01226_4_M5,투명
22,"SW1250506105, SW1250506108",31864,염료점착,1,1,2025-05-28,1500,6200.0,T02515,31864_염료점착_1500_T02515_1_M5,염료
23,"SW1250506106, SW1250506107",31864,염료점착,1,2,2025-05-28,1500,3720.0,T02515,31864_염료점착_1500_T02515_2_M5,염료
24,"SW1250506105, SW1250506108",31864,유광 S/R,2,1,2025-05-28,1500,6200.0,W1809,31864_유광 S/R_1500_W1809_1_M5,SR
25,"SW1250506106, SW1250506107",31864,유광 S/R,2,2,2025-05-28,1500,3720.0,W1809,31864_유광 S/R_1500_W1809_2_M5,SR
26,SW1250503301,32023,투명점착,1,0,2025-05-24,1500,750.0,T0915,32023_투명점착_1500_T0915_0_M5,투명
27,SW1250503301,32023,TOP COATING,2,0,2025-05-24,1500,750.0,T01713,32023_TOP COATING_1500_T01713_0_M5,SR
28,SW1250506502,32244,안료접착,1,0,2025-05-29,1500,1240.0,T02510,32244_안료접착_1500_T02510_0_M5,안료
29,"SW1250506501, SW1250506119",32244,안료접착,1,1,2025-05-28,1500,1860.0,T02510,32244_안료접착_1500_T02510_1_M5,안료
30,SW1250506502,32244,ISR(하드코팅),2,0,2025-05-29,1500,1240.0,W1818,32244_ISR(하드코팅)_1500_W1818_0_M5,SR
31,"SW1250506501, SW1250506119",32244,ISR(하드코팅),2,1,2025-05-28,1500,1860.0,W1818,32244_ISR(하드코팅)_1500_W1818_1_M5,SR
32,SW1250506502,32244,투명점착,3,0,2025-05-29,1500,1240.0,WRF065,32244_투명점착_1500_WRF065_0_M5,투명
33,"SW1250506501, SW1250506119",32244,투명점착,3,1,2025-05-28,1500,1860.0,WRF065,32244_투명점착_1500_WRF065_1_M5,투명
34,SW1250506502,32244,인쇄,4,0,2025-05-29,1500,1240.0,배합X,32244_인쇄_1500_배합X_0_M5,인쇄
35,"SW1250506501, SW1250506119",32244,인쇄,4,1,2025-05-28,1500,1860.0,배합X,32244_인쇄_1500_배합X_1_M5,인쇄
36,SW1250503601,32528,유광 S/R,1,4,2025-05-26,1300,6000.0,T02149,32528_유광 S/R_1300_T02149_4_M5,SR
37,SW1250503601,32528,비산점착,2,4,2025-05-26,1300,6000.0,T01862,32528_비산점착_1300_T01862_4_M5,투명
38,SW1250504505,25033,염료점착,1,0,2025-06-05,1500,3100.0,T02516,25033_염료점착_1500_T02516_0_M6,염료
39,SW1250504505,25033,유광 S/R,2,0,2025-06-05,1500,3100.0,T02149,25033_유광 S/R_1500_T02149_0_M6,SR
40,SW1250504501,25278,유광 S/R,1,0,2025-06-05,1500,11160.0,T02149,25278_유광 S/R_1500_T02149_0_M6,SR
41,SW1250504501,25278,비산점착,2,0,2025-06-05,1500,11160.0,T02560,25278_비산점착_1500_T02560_0_M6,투명
42,SW1250515501,25280,비산점착,1,0,2025-06-25,1500,1550.0,W1558,25280_비산점착_1500_W1558_0_M6,투명
43,SW1250515501,25280,비산접착(1차),2,0,2025-06-25,1500,1550.0,W1558,25280_비산접착(1차)_1500_W1558_0_M6,투명
44,SW1250515501,25280,비산접착(2차),3,0,2025-06-25,1500,1550.0,T0897,25280_비산접착(2차)_1500_T0897_0_M6,투명
45,SW1250504502,26193,투명점착,1,0,2025-06-05,1500,4650.0,T01786,26193_투명점착_1500_T01786_0_M6,투명
46,SW1250504504,28732,투명접착,1,0,2025-06-05,1500,2170.0,WRF065,28732_투명접착_1500_WRF065_0_M6,투명
47,SW1250504504,28732,투명점착,2,0,2025-06-05,1500,2170.0,WRF065,28732_투명점착_1500_WRF065_0_M6,투명
48,SW1250504504,28732,유광 S/R,3,0,2025-06-05,1500,2170.0,T02149,28732_유광 S/R_1500_T02149_0_M6,SR
49,"SW1250408201, SW1250507501",29059,유광 S/R,1,0,2025-06-02,1500,11400.0,W1809,29059_유광 S/R_1500_W1809_0_M6,SR
50,"SW1250408201, SW1250507501",29059,비산점착,2,0,2025-06-02,1500,11400.0,T01792,29059_비산점착_1500_T01792_0_M6,투명
51,SW1250504508,30148,IR접착,1,0,2025-06-17,1500,930.0,T02542,30148_IR접착_1500_T02542_0_M6,안료
52,SW1250504508,30148,ISR(하드코팅),2,0,2025-06-17,1500,930.0,T02150,30148_ISR(하드코팅)_1500_T02150_0_M6,SR
53,SW1250504508,30148,투명점착,3,0,2025-06-17,1500,930.0,W1818,30148_투명점착_1500_W1818_0_M6,투명
54,"SW1250512202, SW1250512204",30458,안료접착,1,1,2025-06-20,1500,2376.0,T02158,30458_안료접착_1500_T02158_1_M6,안료
55,SW1250512203,30458,안료접착,1,3,2025-06-20,1500,465.0,T02158,30458_안료접착_1500_T02158_3_M6,안료
56,"SW1250512202, SW1250512204",30458,MIBK SR,2,1,2025-06-20,1500,2376.0,T02149,30458_MIBK SR_1500_T02149_1_M6,SR
57,SW1250512203,30458,MIBK SR,2,3,2025-06-20,1500,465.0,T02149,30458_MIBK SR_1500_T02149_3_M6,SR
58,"SW1250512202, SW1250512204",30458,투명점착,3,1,2025-06-20,1500,2376.0,W2010,30458_투명점착_1500_W2010_1_M6,투명
59,SW1250512203,30458,투명점착,3,3,2025-06-20,1500,465.0,W2010,30458_투명점착_1500_W2010_3_M6,투명
60,"SW1250512202, SW1250512204",30458,인쇄,4,1,2025-06-20,1500,2376.0,배합X,30458_인쇄_1500_배합X_1_M6,인쇄
61,SW1250512203,30458,인쇄,4,3,2025-06-20,1500,465.0,배합X,30458_인쇄_1500_배합X_3_M6,인쇄
62,SW1250512205,30460,안료접착,1,0,2025-06-20,1500,3100.0,T02020,30460_안료접착_1500_T02020_0_M6,안료
63,SW1250512206,30460,안료접착,1,1,2025-06-20,1500,7781.0,T02020,30460_안료접착_1500_T02020_1_M6,안료
64,SW1250512205,30460,MIBK SR,2,0,2025-06-20,1500,3100.0,T02149,30460_MIBK SR_1500_T02149_0_M6,SR
65,SW1250512206,30460,MIBK SR,2,1,2025-06-20,1500,7781.0,T02149,30460_MIBK SR_1500_T02149_1_M6,SR
66,SW1250512205,30460,투명점착,3,0,2025-06-20,1500,3100.0,WRF065,30460_투명점착_1500_WRF065_0_M6,투명
67,SW1250512206,30460,투명점착,3,1,2025-06-20,1500,7781.0,WRF065,30460_투명점착_1500_WRF065_1_M6,투명
68,SW1250512205,30460,인쇄,4,0,2025-06-20,1500,3100.0,배합X,30460_인쇄_1500_배합X_0_M6,인쇄
69,SW1250512206,30460,인쇄,4,1,2025-06-20,1500,7781.0,배합X,30460_인쇄_1500_배합X_1_M6,인쇄
78,SW1250515602,31017,안료접착,1,0,2025-06-13,1500,1550.0,T02031,31017_안료접착_1500_T02031_0_M6,안료
79,SW1250515602,31017,MIBK SR,2,0,2025-06-13,1500,1550.0,T02149,31017_MIBK SR_1500_T02149_0_M6,SR
80,SW1250515602,31017,투명점착,3,0,2025-06-13,1500,1550.0,W1818,31017_투명점착_1500_W1818_0_M6,투명
81,SW1250515602,31017,인쇄,4,0,2025-06-13,1500,1550.0,배합X,31017_인쇄_1500_배합X_0_M6,인쇄
82,SW1250507201,31019,안료접착,1,0,2025-06-02,1500,3100.0,T02038,31019_안료접착_1500_T02038_0_M6,안료
83,SW1250507201,31019,ISR(하드코팅),2,0,2025-06-02,1500,3100.0,W1818,31019_ISR(하드코팅)_1500_W1818_0_M6,SR
84,SW1250507201,31019,투명점착,3,0,2025-06-02,1500,3100.0,W1818,31019_투명점착_1500_W1818_0_M6,투명
85,SW1250507201,31019,인쇄,4,0,2025-06-02,1500,3100.0,배합X,31019_인쇄_1500_배합X_0_M6,인쇄
86,SW1250507401,31020,안료접착,1,0,2025-06-16,1500,4650.0,T02228,31020_안료접착_1500_T02228_0_M6,안료
87,SW1250507401,31020,ISR(하드코팅),2,0,2025-06-16,1500,4650.0,T02150,31020_ISR(하드코팅)_1500_T02150_0_M6,SR
88,SW1250507401,31020,투명점착,3,0,2025-06-16,1500,4650.0,T01750,31020_투명점착_1500_T01750_0_M6,투명
89,SW1250507401,31020,인쇄,4,0,2025-06-16,1500,4650.0,배합X,31020_인쇄_1500_배합X_0_M6,인쇄
90,SW1250507402,31021,안료접착,1,0,2025-06-16,1500,3100.0,T02229,31021_안료접착_1500_T02229_0_M6,안료
91,SW1250507402,31021,ISR(하드코팅),2,0,2025-06-16,1500,3100.0,T02150,31021_ISR(하드코팅)_1500_T02150_0_M6,SR
92,SW1250507402,31021,투명점착,3,0,2025-06-16,1500,3100.0,T01750,31021_투명점착_1500_T01750_0_M6,투명
93,SW1250507402,31021,인쇄,4,0,2025-06-16,1500,3100.0,배합X,31021_인쇄_1500_배합X_0_M6,인쇄
94,SW1250507404,31024,안료접착,1,0,2025-06-16,1500,4650.0,T02118,31024_안료접착_1500_T02118_0_M6,안료
95,SW1250507404,31024,ISR(하드코팅),2,0,2025-06-16,1500,4650.0,W1818,31024_ISR(하드코팅)_1500_W1818_0_M6,SR
96,SW1250507404,31024,투명점착,3,0,2025-06-16,1500,4650.0,T01750,31024_투명점착_1500_T01750_0_M6,투명
97,SW1250507404,31024,인쇄,4,0,2025-06-16,1500,4650.0,배합X,31024_인쇄_1500_배합X_0_M6,인쇄
98,SW1250507405,31025,안료접착,1,0,2025-06-16,1500,3100.0,T02119,31025_안료접착_1500_T02119_0_M6,안료
99,SW1250507405,31025,ISR(하드코팅),2,0,2025-06-16,1500,3100.0,T02150,31025_ISR(하드코팅)_1500_T02150_0_M6,SR
100,SW1250507405,31025,투명점착,3,0,2025-06-16,1500,3100.0,W2026,31025_투명점착_1500_W2026_0_M6,투명
101,SW1250507405,31025,인쇄,4,0,2025-06-16,1500,3100.0,배합X,31025_인쇄_1500_배합X_0_M6,인쇄
102,SW1250507406,31026,안료접착,1,0,2025-06-16,1500,1550.0,T02372,31026_안료접착_1500_T02372_0_M6,안료
103,SW1250507406,31026,ISR(하드코팅),2,0,2025-06-16,1500,1550.0,T02150,31026_ISR(하드코팅)_1500_T02150_0_M6,SR
104,SW1250507406,31026,투명점착,3,0,2025-06-16,1500,1550.0,T01750,31026_투명점착_1500_T01750_0_M6,투명
105,SW1250507406,31026,인쇄,4,0,2025-06-16,1500,1550.0,배합X,31026_인쇄_1500_배합X_0_M6,인쇄
106,SW1250512201,31382,안료접착,1,0,2025-06-20,1500,620.0,T02028,31382_안료접착_1500_T02028_0_M6,안료
107,SW1250512211,31382,안료접착,1,1,2025-06-20,1500,310.0,T02028,31382_안료접착_1500_T02028_1_M6,안료
108,SW1250512201,31382,MIBK SR,2,0,2025-06-20,1500,620.0,W1817,31382_MIBK SR_1500_W1817_0_M6,SR
109,SW1250512211,31382,MIBK SR,2,1,2025-06-20,1500,310.0,W1817,31382_MIBK SR_1500_W1817_1_M6,SR
110,SW1250512201,31382,투명점착,3,0,2025-06-20,1500,620.0,W2010,31382_투명점착_1500_W2010_0_M6,투명
111,SW1250512211,31382,투명점착,3,1,2025-06-20,1500,310.0,W2010,31382_투명점착_1500_W2010_1_M6,투명
112,SW1250512201,31382,인쇄,4,0,2025-06-20,1500,620.0,배합X,31382_인쇄_1500_배합X_0_M6,인쇄
113,SW1250512211,31382,인쇄,4,1,2025-06-20,1500,310.0,배합X,31382_인쇄_1500_배합X_1_M6,인쇄
114,SW1250512207,31503,안료접착,1,0,2025-06-20,1500,1116.0,T02027,31503_안료접착_1500_T02027_0_M6,안료
115,"SW1250512208, SW1250512210",31503,안료접착,1,1,2025-06-20,1500,1033.0,T02027,31503_안료접착_1500_T02027_1_M6,안료
116,SW1250512209,31503,안료접착,1,3,2025-06-20,1500,310.0,T02027,31503_안료접착_1500_T02027_3_M6,안료
117,SW1250512207,31503,MIBK SR,2,0,2025-06-20,1500,1116.0,T02149,31503_MIBK SR_1500_T02149_0_M6,SR
118,"SW1250512208, SW1250512210",31503,MIBK SR,2,1,2025-06-20,1500,1033.0,T02149,31503_MIBK SR_1500_T02149_1_M6,SR
119,SW1250512209,31503,MIBK SR,2,3,2025-06-20,1500,310.0,T02149,31503_MIBK SR_1500_T02149_3_M6,SR
120,SW1250512207,31503,투명점착,3,0,2025-06-20,1500,1116.0,WRF065,31503_투명점착_1500_WRF065_0_M6,투명
121,"SW1250512208, SW1250512210",31503,투명점착,3,1,2025-06-20,1500,1033.0,WRF065,31503_투명점착_1500_WRF065_1_M6,투명
122,SW1250512209,31503,투명점착,3,3,2025-06-20,1500,310.0,WRF065,31503_투명점착_1500_WRF065_3_M6,투명
123,SW1250512207,31503,인쇄,4,0,2025-06-20,1500,1116.0,배합X,31503_인쇄_1500_배합X_0_M6,인쇄
124,"SW1250512208, SW1250512210",31503,인쇄,4,1,2025-06-20,1500,1033.0,배합X,31503_인쇄_1500_배합X_1_M6,인쇄
125,SW1250512209,31503,인쇄,4,3,2025-06-20,1500,310.0,배합X,31503_인쇄_1500_배합X_3_M6,인쇄
126,SW1250515603,31505,안료접착,1,0,2025-06-13,1500,1550.0,T02093,31505_안료접착_1500_T02093_0_M6,안료
127,SW1250515603,31505,MIBK SR,2,0,2025-06-13,1500,1550.0,T02149,31505_MIBK SR_1500_T02149_0_M6,SR
128,SW1250515603,31505,투명점착,3,0,2025-06-13,1500,1550.0,WRF065,31505_투명점착_1500_WRF065_0_M6,투명
129,SW1250515603,31505,인쇄,4,0,2025-06-13,1500,1550.0,배합X,31505_인쇄_1500_배합X_0_M6,인쇄
130,SW1250512301,31772,ESR,1,1,2025-06-23,1000,2450.0,T01020,31772_ESR_1000_T01020_1_M6,SR
131,"SW1250501901, SW1250502001, SW1250508801, SW1250508802, SW1250512302",31772,ESR,1,4,2025-06-05,1300,22650.0,T01020,31772_ESR_1300_T01020_4_M6,SR
132,SW1250512301,31772,비산점착,2,1,2025-06-23,1000,2450.0,T01226,31772_비산점착_1000_T01226_1_M6,투명
133,"SW1250501901, SW1250502001, SW1250508801, SW1250508802, SW1250512302",31772,비산점착,2,4,2025-06-05,1300,22650.0,T01226,31772_비산점착_1300_T01226_4_M6,투명
134,SW1250507410,31925,안료접착,1,0,2025-06-16,1500,1550.0,T02405,31925_안료접착_1500_T02405_0_M6,안료
135,SW1250507410,31925,MIBK SR,2,0,2025-06-16,1500,1550.0,T02149,31925_MIBK SR_1500_T02149_0_M6,SR
136,SW1250507410,31925,투명점착,3,0,2025-06-16,1500,1550.0,T01750,31925_투명점착_1500_T01750_0_M6,투명
137,SW1250507410,31925,인쇄,4,0,2025-06-16,1500,1550.0,배합X,31925_인쇄_1500_배합X_0_M6,인쇄
142,SW1250507408,32002,안료접착,1,0,2025-06-16,1500,3100.0,T02441,32002_안료접착_1500_T02441_0_M6,안료
143,SW1250507408,32002,ISR(하드코팅),2,0,2025-06-16,1500,3100.0,T02150,32002_ISR(하드코팅)_1500_T02150_0_M6,SR
144,SW1250507408,32002,투명점착,3,0,2025-06-16,1500,3100.0,T01750,32002_투명점착_1500_T01750_0_M6,투명
145,SW1250507408,32002,인쇄,4,0,2025-06-16,1500,3100.0,배합X,32002_인쇄_1500_배합X_0_M6,인쇄
146,"SW1250512701, SW1250515001",32023,투명점착,1,0,2025-06-12,1500,3150.0,T0915,32023_투명점착_1500_T0915_0_M6,투명
147,"SW1250512701, SW1250515001",32023,TOP COATING,2,0,2025-06-12,1500,3150.0,T01713,32023_TOP COATING_1500_T01713_0_M6,SR
148,SW1250509202,32174,TOP COATING,1,0,2025-06-09,1500,12.0,T02116,32174_TOP COATING_1500_T02116_0_M6,SR
149,SW1250509202,32174,PPF점착,2,0,2025-06-09,1500,12.0,T01852,32174_PPF점착_1500_T01852_0_M6,투명
150,SW1250511202,32198,PPF점착,1,0,2025-06-23,1500,150.0,T0915,32198_PPF점착_1500_T0915_0_M6,투명
151,SW1250511202,32198,TOP COATING,2,0,2025-06-23,1500,150.0,T01576,32198_TOP COATING_1500_T01576_0_M6,SR
155,SW1250507102,32222,안료접착,1,0,2025-06-30,1500,10850.0,T02148,32222_안료접착_1500_T02148_0_M6,안료
156,SW1250507102,32222,MIBK SR,2,0,2025-06-30,1500,10850.0,W1817,32222_MIBK SR_1500_W1817_0_M6,SR
157,SW1250507102,32222,투명점착,3,0,2025-06-30,1500,10850.0,T01750,32222_투명점착_1500_T01750_0_M6,투명
158,SW1250507102,32222,인쇄,4,0,2025-06-30,1500,10850.0,배합X,32222_인쇄_1500_배합X_0_M6,인쇄
159,SW1250507103,32225,안료접착,1,0,2025-06-30,1500,3100.0,T02142,32225_안료접착_1500_T02142_0_M6,안료
160,SW1250507103,32225,MIBK SR,2,0,2025-06-30,1500,3100.0,T02149,32225_MIBK SR_1500_T02149_0_M6,SR
161,SW1250507103,32225,투명점착,3,0,2025-06-30,1500,3100.0,T01750,32225_투명점착_1500_T01750_0_M6,투명
162,SW1250507103,32225,인쇄,4,0,2025-06-30,1500,3100.0,배합X,32225_인쇄_1500_배합X_0_M6,인쇄
163,SW1250508401,32303,안료접착,1,1,2025-06-26,1000,1500.0,T01684,32303_안료접착_1000_T01684_1_M6,안료
164,SW1250508401,32303,ISR(하드코팅),2,1,2025-06-26,1000,1500.0,T02150,32303_ISR(하드코팅)_1000_T02150_1_M6,SR
165,SW1250508401,32303,투명점착,3,1,2025-06-26,1000,1500.0,WRF065,32303_투명점착_1000_WRF065_1_M6,투명
166,SW1250508401,32303,인쇄,4,1,2025-06-26,1000,1500.0,배합X,32303_인쇄_1000_배합X_1_M6,인쇄
167,"SW1250508403, SW1250508402",32304,안료접착,1,1,2025-06-26,1500,1500.0,T02521,32304_안료접착_1500_T02521_1_M6,안료
168,"SW1250508403, SW1250508402",32304,ISR(하드코팅),2,1,2025-06-26,1500,1500.0,T02150,32304_ISR(하드코팅)_1500_T02150_1_M6,SR
169,"SW1250508403, SW1250508402",32304,투명점착,3,1,2025-06-26,1500,1500.0,WRF065,32304_투명점착_1500_WRF065_1_M6,투명
170,"SW1250508403, SW1250508402",32304,인쇄,4,1,2025-06-26,1500,1500.0,배합X,32304_인쇄_1500_배합X_1_M6,인쇄
171,SW1250508404,32305,안료접착,1,0,2025-06-26,1500,1500.0,T02522,32305_안료접착_1500_T02522_0_M6,안료
172,"SW1250508406, SW1250508405",32305,안료접착,1,1,2025-06-26,1000,1800.0,T02522,32305_안료접착_1000_T02522_1_M6,안료
173,SW1250508404,32305,ISR(하드코팅),2,0,2025-06-26,1500,1500.0,T02150,32305_ISR(하드코팅)_1500_T02150_0_M6,SR
174,"SW1250508406, SW1250508405",32305,ISR(하드코팅),2,1,2025-06-26,1000,1800.0,T02150,32305_ISR(하드코팅)_1000_T02150_1_M6,SR
175,SW1250508404,32305,투명점착,3,0,2025-06-26,1500,1500.0,WRF065,32305_투명점착_1500_WRF065_0_M6,투명
176,"SW1250508406, SW1250508405",32305,투명점착,3,1,2025-06-26,1000,1800.0,WRF065,32305_투명점착_1000_WRF065_1_M6,투명
177,SW1250508404,32305,인쇄,4,0,2025-06-26,1500,1500.0,배합X,32305_인쇄_1500_배합X_0_M6,인쇄
178,"SW1250508406, SW1250508405",32305,인쇄,4,1,2025-06-26,1000,1800.0,배합X,32305_인쇄_1000_배합X_1_M6,인쇄
179,SW1250508407,32306,안료접착,1,0,2025-06-26,1500,1500.0,T02534,32306_안료접착_1500_T02534_0_M6,안료
180,"SW1250508409, SW1250508408",32306,안료접착,1,1,2025-06-26,1000,3300.0,T02534,32306_안료접착_1000_T02534_1_M6,안료
181,SW1250508407,32306,ISR(하드코팅),2,0,2025-06-26,1500,1500.0,T02150,32306_ISR(하드코팅)_1500_T02150_0_M6,SR
182,"SW1250508409, SW1250508408",32306,ISR(하드코팅),2,1,2025-06-26,1000,3300.0,T02150,32306_ISR(하드코팅)_1000_T02150_1_M6,SR
183,SW1250508407,32306,투명점착,3,0,2025-06-26,1500,1500.0,WRF065,32306_투명점착_1500_WRF065_0_M6,투명
184,"SW1250508409, SW1250508408",32306,투명점착,3,1,2025-06-26,1000,3300.0,WRF065,32306_투명점착_1000_WRF065_1_M6,투명
185,SW1250508407,32306,인쇄,4,0,2025-06-26,1500,1500.0,배합X,32306_인쇄_1500_배합X_0_M6,인쇄
186,"SW1250508409, SW1250508408",32306,인쇄,4,1,2025-06-26,1000,3300.0,배합X,32306_인쇄_1000_배합X_1_M6,인쇄
187,SW1250508410,32307,안료접착,1,0,2025-06-26,1500,1500.0,T02524,32307_안료접착_1500_T02524_0_M6,안료
188,"SW1250508412, SW1250508411",32307,안료접착,1,1,2025-06-26,1500,2400.0,T02524,32307_안료접착_1500_T02524_1_M6,안료
189,SW1250508410,32307,ISR(하드코팅),2,0,2025-06-26,1500,1500.0,T02150,32307_ISR(하드코팅)_1500_T02150_0_M6,SR
190,"SW1250508412, SW1250508411",32307,ISR(하드코팅),2,1,2025-06-26,1500,2400.0,T02150,32307_ISR(하드코팅)_1500_T02150_1_M6,SR
191,SW1250508410,32307,투명점착,3,0,2025-06-26,1500,1500.0,WRF065,32307_투명점착_1500_WRF065_0_M6,투명
192,"SW1250508412, SW1250508411",32307,투명점착,3,1,2025-06-26,1500,2400.0,WRF065,32307_투명점착_1500_WRF065_1_M6,투명
193,SW1250508410,32307,인쇄,4,0,2025-06-26,1500,1500.0,배합X,32307_인쇄_1500_배합X_0_M6,인쇄
194,"SW1250508412, SW1250508411",32307,인쇄,4,1,2025-06-26,1500,2400.0,배합X,32307_인쇄_1500_배합X_1_M6,인쇄
203,SW1250508416,32310,안료접착,1,0,2025-06-26,1500,1500.0,T01748,32310_안료접착_1500_T01748_0_M6,안료
204,"SW1250508418, SW1250508417",32310,안료접착,1,1,2025-06-26,1000,3900.0,T01748,32310_안료접착_1000_T01748_1_M6,안료
205,SW1250508416,32310,ISR(하드코팅),2,0,2025-06-26,1500,1500.0,T02150,32310_ISR(하드코팅)_1500_T02150_0_M6,SR
206,"SW1250508418, SW1250508417",32310,ISR(하드코팅),2,1,2025-06-26,1000,3900.0,T02150,32310_ISR(하드코팅)_1000_T02150_1_M6,SR
207,SW1250508416,32310,투명점착,3,0,2025-06-26,1500,1500.0,WRF065,32310_투명점착_1500_WRF065_0_M6,투명
208,"SW1250508418, SW1250508417",32310,투명점착,3,1,2025-06-26,1000,3900.0,WRF065,32310_투명점착_1000_WRF065_1_M6,투명
209,SW1250508416,32310,인쇄,4,0,2025-06-26,1500,1500.0,배합X,32310_인쇄_1500_배합X_0_M6,인쇄
210,"SW1250508418, SW1250508417",32310,인쇄,4,1,2025-06-26,1000,3900.0,배합X,32310_인쇄_1000_배합X_1_M6,인쇄
211,SW1250508419,32311,안료접착,1,0,2025-06-26,1500,1500.0,T01687,32311_안료접착_1500_T01687_0_M6,안료
212,"SW1250508421, SW1250508420",32311,안료접착,1,1,2025-06-26,1500,1500.0,T01687,32311_안료접착_1500_T01687_1_M6,안료
213,SW1250508419,32311,ISR(하드코팅),2,0,2025-06-26,1500,1500.0,W1818,32311_ISR(하드코팅)_1500_W1818_0_M6,SR
214,"SW1250508421, SW1250508420",32311,ISR(하드코팅),2,1,2025-06-26,1500,1500.0,W1818,32311_ISR(하드코팅)_1500_W1818_1_M6,SR
215,SW1250508419,32311,투명점착,3,0,2025-06-26,1500,1500.0,WRF065,32311_투명점착_1500_WRF065_0_M6,투명
216,"SW1250508421, SW1250508420",32311,투명점착,3,1,2025-06-26,1500,1500.0,WRF065,32311_투명점착_1500_WRF065_1_M6,투명
217,SW1250508419,32311,인쇄,4,0,2025-06-26,1500,1500.0,배합X,32311_인쇄_1500_배합X_0_M6,인쇄
218,"SW1250508421, SW1250508420",32311,인쇄,4,1,2025-06-26,1500,1500.0,배합X,32311_인쇄_1500_배합X_1_M6,인쇄
219,SW1250508422,32312,안료접착,1,0,2025-06-26,1500,1500.0,T01688,32312_안료접착_1500_T01688_0_M6,안료
220,"SW1250508424, SW1250508423",32312,안료접착,1,1,2025-06-26,1500,900.0,T01688,32312_안료접착_1500_T01688_1_M6,안료
221,SW1250508422,32312,ISR(하드코팅),2,0,2025-06-26,1500,1500.0,T02150,32312_ISR(하드코팅)_1500_T02150_0_M6,SR
222,"SW1250508424, SW1250508423",32312,ISR(하드코팅),2,1,2025-06-26,1500,900.0,T02150,32312_ISR(하드코팅)_1500_T02150_1_M6,SR
223,SW1250508422,32312,투명점착,3,0,2025-06-26,1500,1500.0,WRF065,32312_투명점착_1500_WRF065_0_M6,투명
224,"SW1250508424, SW1250508423",32312,투명점착,3,1,2025-06-26,1500,900.0,WRF065,32312_투명점착_1500_WRF065_1_M6,투명
225,SW1250508422,32312,인쇄,4,0,2025-06-26,1500,1500.0,배합X,32312_인쇄_1500_배합X_0_M6,인쇄
226,"SW1250508424, SW1250508423",32312,인쇄,4,1,2025-06-26,1500,900.0,배합X,32312_인쇄_1500_배합X_1_M6,인쇄
227,SW1250508425,32313,안료접착,1,0,2025-06-26,1500,1500.0,T01689,32313_안료접착_1500_T01689_0_M6,안료
228,"SW1250508427, SW1250508426",32313,안료접착,1,1,2025-06-26,1500,1500.0,T01689,32313_안료접착_1500_T01689_1_M6,안료
229,SW1250508425,32313,ISR(하드코팅),2,0,2025-06-26,1500,1500.0,T02150,32313_ISR(하드코팅)_1500_T02150_0_M6,SR
230,"SW1250508427, SW1250508426",32313,ISR(하드코팅),2,1,2025-06-26,1500,1500.0,T02150,32313_ISR(하드코팅)_1500_T02150_1_M6,SR
231,SW1250508425,32313,투명점착,3,0,2025-06-26,1500,1500.0,WRF065,32313_투명점착_1500_WRF065_0_M6,투명
232,"SW1250508427, SW1250508426",32313,투명점착,3,1,2025-06-26,1500,1500.0,WRF065,32313_투명점착_1500_WRF065_1_M6,투명
233,SW1250508425,32313,인쇄,4,0,2025-06-26,1500,1500.0,배합X,32313_인쇄_1500_배합X_0_M6,인쇄
234,"SW1250508427, SW1250508426",32313,인쇄,4,1,2025-06-26,1500,1500.0,배합X,32313_인쇄_1500_배합X_1_M6,인쇄
235,SW1250508428,32314,안료접착,1,0,2025-06-26,1500,1500.0,T01690,32314_안료접착_1500_T01690_0_M6,안료
236,"SW1250508430, SW1250508429",32314,안료접착,1,1,2025-06-26,1500,900.0,T01690,32314_안료접착_1500_T01690_1_M6,안료
237,SW1250508428,32314,ISR(하드코팅),2,0,2025-06-26,1500,1500.0,T02150,32314_ISR(하드코팅)_1500_T02150_0_M6,SR
238,"SW1250508430, SW1250508429",32314,ISR(하드코팅),2,1,2025-06-26,1500,900.0,T02150,32314_ISR(하드코팅)_1500_T02150_1_M6,SR
239,SW1250508428,32314,투명점착,3,0,2025-06-26,1500,1500.0,WRF065,32314_투명점착_1500_WRF065_0_M6,투명
240,"SW1250508430, SW1250508429",32314,투명점착,3,1,2025-06-26,1500,900.0,WRF065,32314_투명점착_1500_WRF065_1_M6,투명
241,SW1250508428,32314,인쇄,4,0,2025-06-26,1500,1500.0,배합X,32314_인쇄_1500_배합X_0_M6,인쇄
242,"SW1250508430, SW1250508429",32314,인쇄,4,1,2025-06-26,1500,900.0,배합X,32314_인쇄_1500_배합X_1_M6,인쇄
243,SW1250512403,32318,안료접착,1,0,2025-06-24,1500,3000.0,T02532,32318_안료접착_1500_T02532_0_M6,안료
244,SW1250508434,32318,안료접착,1,1,2025-06-26,1000,1500.0,T02532,32318_안료접착_1000_T02532_1_M6,안료
245,SW1250512403,32318,ISR(하드코팅),2,0,2025-06-24,1500,3000.0,W1818,32318_ISR(하드코팅)_1500_W1818_0_M6,SR
246,SW1250508434,32318,ISR(하드코팅),2,1,2025-06-26,1000,1500.0,W1818,32318_ISR(하드코팅)_1000_W1818_1_M6,SR
247,SW1250512403,32318,투명점착,3,0,2025-06-24,1500,3000.0,WRF065,32318_투명점착_1500_WRF065_0_M6,투명
248,SW1250508434,32318,투명점착,3,1,2025-06-26,1000,1500.0,WRF065,32318_투명점착_1000_WRF065_1_M6,투명
249,SW1250512403,32318,인쇄,4,0,2025-06-24,1500,3000.0,배합X,32318_인쇄_1500_배합X_0_M6,인쇄
250,SW1250508434,32318,인쇄,4,1,2025-06-26,1000,1500.0,배합X,32318_인쇄_1000_배합X_1_M6,인쇄
251,SW1250508435,32319,안료접착,1,0,2025-06-26,1500,1500.0,T02531,32319_안료접착_1500_T02531_0_M6,안료
252,"SW1250508437, SW1250508436",32319,안료접착,1,1,2025-06-26,1500,600.0,T02531,32319_안료접착_1500_T02531_1_M6,안료
253,SW1250508435,32319,ISR(하드코팅),2,0,2025-06-26,1500,1500.0,T02150,32319_ISR(하드코팅)_1500_T02150_0_M6,SR
254,"SW1250508437, SW1250508436",32319,ISR(하드코팅),2,1,2025-06-26,1500,600.0,T02150,32319_ISR(하드코팅)_1500_T02150_1_M6,SR
255,SW1250508435,32319,투명점착,3,0,2025-06-26,1500,1500.0,WRF065,32319_투명점착_1500_WRF065_0_M6,투명
256,"SW1250508437, SW1250508436",32319,투명점착,3,1,2025-06-26,1500,600.0,WRF065,32319_투명점착_1500_WRF065_1_M6,투명
257,SW1250508435,32319,인쇄,4,0,2025-06-26,1500,1500.0,배합X,32319_인쇄_1500_배합X_0_M6,인쇄
258,"SW1250508437, SW1250508436",32319,인쇄,4,1,2025-06-26,1500,600.0,배합X,32319_인쇄_1500_배합X_1_M6,인쇄
259,SW1250512603,32320,안료접착,1,0,2025-06-23,1500,1500.0,T01696,32320_안료접착_1500_T01696_0_M6,안료
260,SW1250512603,32320,ISR(하드코팅),2,0,2025-06-23,1500,1500.0,W1818,32320_ISR(하드코팅)_1500_W1818_0_M6,SR
261,SW1250512603,32320,투명점착,3,0,2025-06-23,1500,1500.0,WRF065,32320_투명점착_1500_WRF065_0_M6,투명
262,SW1250512603,32320,인쇄,4,0,2025-06-23,1500,1500.0,배합X,32320_인쇄_1500_배합X_0_M6,인쇄
263,SW1250507310,32377,안료접착,1,0,2025-06-09,1500,3100.0,T02173,32377_안료접착_1500_T02173_0_M6,안료
264,SW1250507310,32377,MIBK SR(항균),2,0,2025-06-09,1500,3100.0,t01828,32377_MIBK SR(항균)_1500_t01828_0_M6,SR
265,SW1250507310,32377,투명점착,3,0,2025-06-09,1500,3100.0,WRF065,32377_투명점착_1500_WRF065_0_M6,투명
266,SW1250507310,32377,인쇄,4,0,2025-06-09,1500,3100.0,배합X,32377_인쇄_1500_배합X_0_M6,인쇄
267,SW1250507312,32378,안료접착,1,0,2025-06-09,1500,3100.0,T02174,32378_안료접착_1500_T02174_0_M6,안료
268,SW1250507312,32378,MIBK SR(항균),2,0,2025-06-09,1500,3100.0,t01828,32378_MIBK SR(항균)_1500_t01828_0_M6,SR
269,SW1250507312,32378,투명점착,3,0,2025-06-09,1500,3100.0,WRF065,32378_투명점착_1500_WRF065_0_M6,투명
270,SW1250507312,32378,인쇄,4,0,2025-06-09,1500,3100.0,배합X,32378_인쇄_1500_배합X_0_M6,인쇄
271,SW1250501902,32415,PPF점착,1,0,2025-06-15,1500,1500.0,T02116,32415_PPF점착_1500_T02116_0_M6,투명
272,SW1250501902,32415,TOP COATING,2,0,2025-06-15,1500,1500.0,T02116,32415_TOP COATING_1500_T02116_0_M6,SR
273,"SW1250506201, SW1250506301, SW1250511901, SW1250512901",32453,PPF점착,1,0,2025-06-17,1500,3000.0,T01543,32453_PPF점착_1500_T01543_0_M6,투명
274,"SW1250506201, SW1250506301, SW1250511901, SW1250512901",32453,TOP COATING,2,0,2025-06-17,1500,3000.0,T02244,32453_TOP COATING_1500_T02244_0_M6,SR
275,SW1250508001,32470,PPF점착,1,0,2025-06-03,1500,300.0,T0915,32470_PPF점착_1500_T0915_0_M6,투명
276,SW1250508001,32470,TOP COATING,2,0,2025-06-03,1500,300.0,T01521,32470_TOP COATING_1500_T01521_0_M6,SR
277,SW1250507601,32472,BLACK EPU코팅,1,0,2025-06-16,1500,750.0,14774,32472_BLACK EPU코팅_1500_14774_0_M6,EPU
278,SW1250507601,32472,TOP COATING,2,0,2025-06-16,1500,750.0,T01514,32472_TOP COATING_1500_T01514_0_M6,SR
279,SW1250510201,32474,안료점착,1,0,2025-06-12,1500,15.0,T01445,32474_안료점착_1500_T01445_0_M6,안료
280,SW1250510201,32474,PPF점착,2,0,2025-06-12,1500,15.0,T01306,32474_PPF점착_1500_T01306_0_M6,투명
281,SW1250510201,32474,TOP COATING,3,0,2025-06-12,1500,15.0,T02244,32474_TOP COATING_1500_T02244_0_M6,SR
282,SW1250507311,32495,안료접착,1,0,2025-06-09,1500,1550.0,T02083,32495_안료접착_1500_T02083_0_M6,안료
283,SW1250507311,32495,MIBK SR(항균),2,0,2025-06-09,1500,1550.0,T01828,32495_MIBK SR(항균)_1500_T01828_0_M6,SR
284,SW1250507311,32495,투명점착,3,0,2025-06-09,1500,1550.0,WRF065,32495_투명점착_1500_WRF065_0_M6,투명
285,SW1250507311,32495,인쇄,4,0,2025-06-09,1500,1550.0,배합X,32495_인쇄_1500_배합X_0_M6,인쇄
286,SW1250507313,32497,안료접착,1,0,2025-06-09,1500,1550.0,W2028,32497_안료접착_1500_W2028_0_M6,안료
287,SW1250507313,32497,MIBK SR(항균),2,0,2025-06-09,1500,1550.0,t01828,32497_MIBK SR(항균)_1500_t01828_0_M6,SR
288,SW1250507313,32497,투명점착,3,0,2025-06-09,1500,1550.0,WRF065,32497_투명점착_1500_WRF065_0_M6,투명
289,SW1250507313,32497,인쇄,4,0,2025-06-09,1500,1550.0,배합X,32497_인쇄_1500_배합X_0_M6,인쇄
290,SW1250505002,32556,ESR,1,1,2025-06-10,1000,6000.0,T01020,32556_ESR_1000_T01020_1_M6,SR
291,"SW1250511801, SW1250505001",32556,ESR,1,4,2025-06-10,1300,20250.0,T01020,32556_ESR_1300_T01020_4_M6,SR
292,SW1250505002,32556,비산점착,2,1,2025-06-10,1000,6000.0,T01226,32556_비산점착_1000_T01226_1_M6,투명
293,"SW1250511801, SW1250505001",32556,비산점착,2,4,2025-06-10,1300,20250.0,T01226,32556_비산점착_1300_T01226_4_M6,투명
294,SW1250507301,32672,안료접착,1,0,2025-06-09,1500,3100.0,T02383,32672_안료접착_1500_T02383_0_M6,안료
295,SW1250507301,32672,ISR(항균),2,0,2025-06-09,1500,3100.0,T01512,32672_ISR(항균)_1500_T01512_0_M6,SR
296,SW1250507301,32672,투명점착,3,0,2025-06-09,1500,3100.0,T01750,32672_투명점착_1500_T01750_0_M6,투명
297,SW1250507301,32672,인쇄,4,0,2025-06-09,1500,3100.0,배합X,32672_인쇄_1500_배합X_0_M6,인쇄
298,SW1250507302,32673,안료접착,1,0,2025-06-09,1500,1550.0,T02384,32673_안료접착_1500_T02384_0_M6,안료
299,SW1250507302,32673,ISR(항균),2,0,2025-06-09,1500,1550.0,T01512,32673_ISR(항균)_1500_T01512_0_M6,SR
300,SW1250507302,32673,투명점착,3,0,2025-06-09,1500,1550.0,WRF065,32673_투명점착_1500_WRF065_0_M6,투명
301,SW1250507302,32673,인쇄,4,0,2025-06-09,1500,1550.0,배합X,32673_인쇄_1500_배합X_0_M6,인쇄
302,SW1250507303,32674,안료접착,1,0,2025-06-09,1500,1550.0,T02385,32674_안료접착_1500_T02385_0_M6,안료
303,SW1250507303,32674,ISR(항균),2,0,2025-06-09,1500,1550.0,T01512,32674_ISR(항균)_1500_T01512_0_M6,SR
304,SW1250507303,32674,투명점착,3,0,2025-06-09,1500,1550.0,T01750,32674_투명점착_1500_T01750_0_M6,투명
305,SW1250507303,32674,인쇄,4,0,2025-06-09,1500,1550.0,배합X,32674_인쇄_1500_배합X_0_M6,인쇄
310,SW1250507308,32688,안료접착,1,0,2025-06-09,1500,1550.0,T02417,32688_안료접착_1500_T02417_0_M6,안료
311,SW1250507308,32688,ISR(항균),2,0,2025-06-09,1500,1550.0,W2026,32688_ISR(항균)_1500_W2026_0_M6,SR
312,SW1250507308,32688,투명점착,3,0,2025-06-09,1500,1550.0,WRF065,32688_투명점착_1500_WRF065_0_M6,투명
313,SW1250507308,32688,인쇄,4,0,2025-06-09,1500,1550.0,배합X,32688_인쇄_1500_배합X_0_M6,인쇄
314,SW1250507309,32689,안료접착,1,0,2025-06-09,1500,3100.0,T02418,32689_안료접착_1500_T02418_0_M6,안료
315,SW1250507309,32689,ISR(항균),2,0,2025-06-09,1500,3100.0,T01512,32689_ISR(항균)_1500_T01512_0_M6,SR
316,SW1250507309,32689,투명점착,3,0,2025-06-09,1500,3100.0,WRF065,32689_투명점착_1500_WRF065_0_M6,투명
317,SW1250507309,32689,인쇄,4,0,2025-06-09,1500,3100.0,배합X,32689_인쇄_1500_배합X_0_M6,인쇄
322,SW1250507305,32694,안료접착,1,0,2025-06-09,1500,1550.0,T02422,32694_안료접착_1500_T02422_0_M6,안료
323,SW1250507305,32694,ISR(항균),2,0,2025-06-09,1500,1550.0,T01512,32694_ISR(항균)_1500_T01512_0_M6,SR
324,SW1250507305,32694,투명점착,3,0,2025-06-09,1500,1550.0,WRF065,32694_투명점착_1500_WRF065_0_M6,투명
325,SW1250507305,32694,인쇄,4,0,2025-06-09,1500,1550.0,배합X,32694_인쇄_1500_배합X_0_M6,인쇄
326,SW1250507306,32695,안료접착,1,0,2025-06-09,1500,1550.0,T02416,32695_안료접착_1500_T02416_0_M6,안료
327,SW1250507306,32695,ISR(항균),2,0,2025-06-09,1500,1550.0,T01512,32695_ISR(항균)_1500_T01512_0_M6,SR
328,SW1250507306,32695,투명점착,3,0,2025-06-09,1500,1550.0,WRF065,32695_투명점착_1500_WRF065_0_M6,투명
329,SW1250507306,32695,인쇄,4,0,2025-06-09,1500,1550.0,배합X,32695_인쇄_1500_배합X_0_M6,인쇄
330,SW1250506901,32717,안료접착,1,0,2025-06-25,1500,1550.0,T02537,32717_안료접착_1500_T02537_0_M6,안료
331,SW1250506901,32717,MIBK SR,2,0,2025-06-25,1500,1550.0,T02149,32717_MIBK SR_1500_T02149_0_M6,SR
332,SW1250506901,32717,투명점착,3,0,2025-06-25,1500,1550.0,WRF065,32717_투명점착_1500_WRF065_0_M6,투명
333,SW1250506901,32717,인쇄,4,0,2025-06-25,1500,1550.0,배합X,32717_인쇄_1500_배합X_0_M6,인쇄
334,SW1250506902,32718,안료접착,1,0,2025-06-25,1500,1550.0,T02536,32718_안료접착_1500_T02536_0_M6,안료
335,SW1250506902,32718,MIBK SR,2,0,2025-06-25,1500,1550.0,T02149,32718_MIBK SR_1500_T02149_0_M6,SR
336,SW1250506902,32718,투명점착,3,0,2025-06-25,1500,1550.0,WRF065,32718_투명점착_1500_WRF065_0_M6,투명
337,SW1250506902,32718,인쇄,4,0,2025-06-25,1500,1550.0,배합X,32718_인쇄_1500_배합X_0_M6,인쇄
338,SW1250506903,32719,안료접착,1,0,2025-06-25,1500,1550.0,T02535,32719_안료접착_1500_T02535_0_M6,안료
339,SW1250506903,32719,MIBK SR,2,0,2025-06-25,1500,1550.0,T02149,32719_MIBK SR_1500_T02149_0_M6,SR
340,SW1250506903,32719,투명점착,3,0,2025-06-25,1500,1550.0,WRF065,32719_투명점착_1500_WRF065_0_M6,투명
341,SW1250506903,32719,인쇄,4,0,2025-06-25,1500,1550.0,배합X,32719_인쇄_1500_배합X_0_M6,인쇄
342,SW1250503702,32739,PPF점착,1,0,2025-06-03,1500,1500.0,T02098,32739_PPF점착_1500_T02098_0_M6,투명
343,SW1250503702,32739,TOP COATING,2,0,2025-06-03,1500,1500.0,T02244,32739_TOP COATING_1500_T02244_0_M6,SR
344,SW1250504503,28731,투명접착,1,0,2025-07-10,1500,2170.0,WRF065,28731_투명접착_1500_WRF065_0_M7,투명
345,SW1250504503,28731,투명점착,2,0,2025-07-10,1500,2170.0,WRF065,28731_투명점착_1500_WRF065_0_M7,투명
346,SW1250504503,28731,유광 S/R,3,0,2025-07-10,1500,2170.0,T02149,28731_유광 S/R_1500_T02149_0_M7,SR
347,SW1250508701,29059,유광 S/R,1,0,2025-07-11,1500,9300.0,W1809,29059_유광 S/R_1500_W1809_0_M7,SR
348,SW1250508701,29059,비산점착,2,0,2025-07-11,1500,9300.0,T01792,29059_비산점착_1500_T01792_0_M7,투명
349,SW1250513404,30458,안료접착,1,0,2025-07-01,1500,1550.0,T02158,30458_안료접착_1500_T02158_0_M7,안료
350,SW1250513404,30458,MIBK SR,2,0,2025-07-01,1500,1550.0,T02149,30458_MIBK SR_1500_T02149_0_M7,SR
351,SW1250513404,30458,투명점착,3,0,2025-07-01,1500,1550.0,W2010,30458_투명점착_1500_W2010_0_M7,투명
352,SW1250513404,30458,인쇄,4,0,2025-07-01,1500,1550.0,배합X,30458_인쇄_1500_배합X_0_M7,인쇄
353,SW1250504507,30863,비산점착,1,0,2025-07-10,1500,5208.0,W1558,30863_비산점착_1500_W1558_0_M7,투명
354,SW1250504507,30863,비산접착(1차),2,0,2025-07-10,1500,5208.0,W1558,30863_비산접착(1차)_1500_W1558_0_M7,투명
355,SW1250507403,31023,안료접착,1,0,2025-07-10,1500,3100.0,T02404,31023_안료접착_1500_T02404_0_M7,안료
356,SW1250507403,31023,ISR(하드코팅),2,0,2025-07-10,1500,3100.0,W1818,31023_ISR(하드코팅)_1500_W1818_0_M7,SR
357,SW1250507403,31023,투명점착,3,0,2025-07-10,1500,3100.0,T01750,31023_투명점착_1500_T01750_0_M7,투명
358,SW1250507403,31023,인쇄,4,0,2025-07-10,1500,3100.0,배합X,31023_인쇄_1500_배합X_0_M7,인쇄
359,SW1250513408,31361,안료접착,1,0,2025-07-01,1500,1550.0,T02403,31361_안료접착_1500_T02403_0_M7,안료
360,SW1250513408,31361,MIBK SR,2,0,2025-07-01,1500,1550.0,T01592,31361_MIBK SR_1500_T01592_0_M7,SR
361,SW1250513408,31361,투명점착,3,0,2025-07-01,1500,1550.0,W2010,31361_투명점착_1500_W2010_0_M7,투명
362,SW1250513408,31361,인쇄,4,0,2025-07-01,1500,1550.0,배합X,31361_인쇄_1500_배합X_0_M7,인쇄
363,SW1250505205,31600,안료접착,1,0,2025-07-01,1500,3720.0,T02295,31600_안료접착_1500_T02295_0_M7,안료
364,SW1250505205,31600,WSR 코팅,2,0,2025-07-01,1500,3720.0,W1912,31600_WSR 코팅_1500_W1912_0_M7,SR
365,SW1250505205,31600,투명점착,3,0,2025-07-01,1500,3720.0,WRF065,31600_투명점착_1500_WRF065_0_M7,투명
366,SW1250505205,31600,인쇄,4,0,2025-07-01,1500,3720.0,배합X,31600_인쇄_1500_배합X_0_M7,인쇄
367,SW1250505204,31652,안료접착,1,0,2025-07-01,1500,1860.0,T02303,31652_안료접착_1500_T02303_0_M7,안료
368,SW1250505204,31652,MIBK SR,2,0,2025-07-01,1500,1860.0,T02149,31652_MIBK SR_1500_T02149_0_M7,SR
369,SW1250505204,31652,투명점착,3,0,2025-07-01,1500,1860.0,WRF065,31652_투명점착_1500_WRF065_0_M7,투명
370,SW1250505204,31652,인쇄,4,0,2025-07-01,1500,1860.0,배합X,31652_인쇄_1500_배합X_0_M7,인쇄
371,SW1250505206,31737,안료접착,1,0,2025-07-01,1500,1860.0,T02016,31737_안료접착_1500_T02016_0_M7,안료
372,SW1250505206,31737,ISR(하드코팅),2,0,2025-07-01,1500,1860.0,T02150,31737_ISR(하드코팅)_1500_T02150_0_M7,SR
373,SW1250505206,31737,투명점착,3,0,2025-07-01,1500,1860.0,WRF065,31737_투명점착_1500_WRF065_0_M7,투명
374,SW1250505206,31737,인쇄,4,0,2025-07-01,1500,1860.0,배합X,31737_인쇄_1500_배합X_0_M7,인쇄
375,SW1250505207,31738,안료접착,1,0,2025-07-01,1500,3720.0,T02363,31738_안료접착_1500_T02363_0_M7,안료
376,SW1250505207,31738,ISR(하드코팅),2,0,2025-07-01,1500,3720.0,T02150,31738_ISR(하드코팅)_1500_T02150_0_M7,SR
377,SW1250505207,31738,투명점착,3,0,2025-07-01,1500,3720.0,WRF065,31738_투명점착_1500_WRF065_0_M7,투명
378,SW1250505207,31738,인쇄,4,0,2025-07-01,1500,3720.0,배합X,31738_인쇄_1500_배합X_0_M7,인쇄
379,SW1250505208,31739,안료접착,1,0,2025-07-01,1500,1860.0,T02364,31739_안료접착_1500_T02364_0_M7,안료
380,SW1250505208,31739,ISR(하드코팅),2,0,2025-07-01,1500,1860.0,W1818,31739_ISR(하드코팅)_1500_W1818_0_M7,SR
381,SW1250505208,31739,투명점착,3,0,2025-07-01,1500,1860.0,WRF065,31739_투명점착_1500_WRF065_0_M7,투명
382,SW1250505208,31739,인쇄,4,0,2025-07-01,1500,1860.0,배합X,31739_인쇄_1500_배합X_0_M7,인쇄
383,SW1250505201,31798,안료접착,1,0,2025-07-01,1500,1860.0,T02014,31798_안료접착_1500_T02014_0_M7,안료
384,SW1250505201,31798,MIBK SR,2,0,2025-07-01,1500,1860.0,W1817,31798_MIBK SR_1500_W1817_0_M7,SR
385,SW1250505201,31798,투명점착,3,0,2025-07-01,1500,1860.0,WRF065,31798_투명점착_1500_WRF065_0_M7,투명
386,SW1250505201,31798,인쇄,4,0,2025-07-01,1500,1860.0,배합X,31798_인쇄_1500_배합X_0_M7,인쇄
387,SW1250505202,31800,안료접착,1,0,2025-07-01,1500,3720.0,T02126,31800_안료접착_1500_T02126_0_M7,안료
388,SW1250505202,31800,MIBK SR,2,0,2025-07-01,1500,3720.0,T02149,31800_MIBK SR_1500_T02149_0_M7,SR
389,SW1250505202,31800,투명점착,3,0,2025-07-01,1500,3720.0,WRF065,31800_투명점착_1500_WRF065_0_M7,투명
390,SW1250505202,31800,인쇄,4,0,2025-07-01,1500,3720.0,배합X,31800_인쇄_1500_배합X_0_M7,인쇄
391,SW1250505203,31802,안료접착,1,0,2025-07-01,1500,3720.0,T02015,31802_안료접착_1500_T02015_0_M7,안료
392,SW1250505203,31802,MIBK SR,2,0,2025-07-01,1500,3720.0,T02149,31802_MIBK SR_1500_T02149_0_M7,SR
393,SW1250505203,31802,투명점착,3,0,2025-07-01,1500,3720.0,WRF065,31802_투명점착_1500_WRF065_0_M7,투명
394,SW1250505203,31802,인쇄,4,0,2025-07-01,1500,3720.0,배합X,31802_인쇄_1500_배합X_0_M7,인쇄
398,"SW1250501401, SW1250512601",31966,PPF점착,1,0,2025-07-15,1500,19500.0,T0915,31966_PPF점착_1500_T0915_0_M7,투명
399,"SW1250501401, SW1250512601",31966,TOP COATING,2,0,2025-07-15,1500,19500.0,T01288,31966_TOP COATING_1500_T01288_0_M7,SR
400,SW1250505215,32016,안료접착,1,0,2025-07-01,1500,3720.0,T02318,32016_안료접착_1500_T02318_0_M7,안료
401,SW1250505215,32016,MIBK SR,2,0,2025-07-01,1500,3720.0,T02149,32016_MIBK SR_1500_T02149_0_M7,SR
402,SW1250505215,32016,투명점착,3,0,2025-07-01,1500,3720.0,WRF065,32016_투명점착_1500_WRF065_0_M7,투명
403,SW1250505215,32016,인쇄,4,0,2025-07-01,1500,3720.0,배합X,32016_인쇄_1500_배합X_0_M7,인쇄
404,SW1250505216,32017,안료접착,1,0,2025-07-01,1500,3720.0,T02319,32017_안료접착_1500_T02319_0_M7,안료
405,SW1250505216,32017,MIBK SR,2,0,2025-07-01,1500,3720.0,T02149,32017_MIBK SR_1500_T02149_0_M7,SR
406,SW1250505216,32017,투명점착,3,0,2025-07-01,1500,3720.0,WRF065,32017_투명점착_1500_WRF065_0_M7,투명
407,SW1250505216,32017,인쇄,4,0,2025-07-01,1500,3720.0,배합X,32017_인쇄_1500_배합X_0_M7,인쇄
408,SW1250501402,32023,투명점착,1,0,2025-07-15,1500,3000.0,T0915,32023_투명점착_1500_T0915_0_M7,투명
409,SW1250501402,32023,TOP COATING,2,0,2025-07-15,1500,3000.0,T01713,32023_TOP COATING_1500_T01713_0_M7,SR
410,SW1250507101,32221,안료접착,1,0,2025-07-10,1500,12400.0,T02147,32221_안료접착_1500_T02147_0_M7,안료
411,SW1250507101,32221,MIBK SR,2,0,2025-07-10,1500,12400.0,W1817,32221_MIBK SR_1500_W1817_0_M7,SR
412,SW1250507101,32221,투명점착,3,0,2025-07-10,1500,12400.0,T01750,32221_투명점착_1500_T01750_0_M7,투명
413,SW1250507101,32221,인쇄,4,0,2025-07-10,1500,12400.0,배합X,32221_인쇄_1500_배합X_0_M7,인쇄
414,SW1250505209,32260,안료접착,1,0,2025-07-01,1500,1860.0,T02186,32260_안료접착_1500_T02186_0_M7,안료
415,SW1250505209,32260,ISR(하드코팅),2,0,2025-07-01,1500,1860.0,W1818,32260_ISR(하드코팅)_1500_W1818_0_M7,SR
416,SW1250505209,32260,투명점착,3,0,2025-07-01,1500,1860.0,WRF065,32260_투명점착_1500_WRF065_0_M7,투명
417,SW1250505209,32260,인쇄,4,0,2025-07-01,1500,1860.0,배합X,32260_인쇄_1500_배합X_0_M7,인쇄
418,SW1250505210,32261,안료접착,1,0,2025-07-01,1500,3720.0,T02185,32261_안료접착_1500_T02185_0_M7,안료
419,SW1250505210,32261,ISR(하드코팅),2,0,2025-07-01,1500,3720.0,W1818,32261_ISR(하드코팅)_1500_W1818_0_M7,SR
420,SW1250505210,32261,투명점착,3,0,2025-07-01,1500,3720.0,WRF065,32261_투명점착_1500_WRF065_0_M7,투명
421,SW1250505210,32261,인쇄,4,0,2025-07-01,1500,3720.0,배합X,32261_인쇄_1500_배합X_0_M7,인쇄
422,SW1250505211,32262,안료접착,1,0,2025-07-01,1500,1860.0,T02131,32262_안료접착_1500_T02131_0_M7,안료
423,SW1250505211,32262,ISR(하드코팅),2,0,2025-07-01,1500,1860.0,T02150,32262_ISR(하드코팅)_1500_T02150_0_M7,SR
424,SW1250505211,32262,투명점착,3,0,2025-07-01,1500,1860.0,WRF065,32262_투명점착_1500_WRF065_0_M7,투명
425,SW1250505211,32262,인쇄,4,0,2025-07-01,1500,1860.0,배합X,32262_인쇄_1500_배합X_0_M7,인쇄
426,SW1250505212,32264,안료접착,1,0,2025-07-01,1500,3720.0,T02219,32264_안료접착_1500_T02219_0_M7,안료
427,SW1250505212,32264,ISR(하드코팅),2,0,2025-07-01,1500,3720.0,T02150,32264_ISR(하드코팅)_1500_T02150_0_M7,SR
428,SW1250505212,32264,투명점착,3,0,2025-07-01,1500,3720.0,WRF065,32264_투명점착_1500_WRF065_0_M7,투명
429,SW1250505212,32264,인쇄,4,0,2025-07-01,1500,3720.0,배합X,32264_인쇄_1500_배합X_0_M7,인쇄
430,SW1250505213,32266,안료접착,1,0,2025-07-01,1500,1860.0,T02500,32266_안료접착_1500_T02500_0_M7,안료
431,SW1250505213,32266,ISR(하드코팅),2,0,2025-07-01,1500,1860.0,W1818,32266_ISR(하드코팅)_1500_W1818_0_M7,SR
432,SW1250505213,32266,투명점착,3,0,2025-07-01,1500,1860.0,WRF065,32266_투명점착_1500_WRF065_0_M7,투명
433,SW1250505213,32266,인쇄,4,0,2025-07-01,1500,1860.0,배합X,32266_인쇄_1500_배합X_0_M7,인쇄
434,SW1250505214,32267,안료접착,1,0,2025-07-01,1500,3720.0,T02555,32267_안료접착_1500_T02555_0_M7,안료
435,SW1250505214,32267,ISR(하드코팅),2,0,2025-07-01,1500,3720.0,W1818,32267_ISR(하드코팅)_1500_W1818_0_M7,SR
436,SW1250505214,32267,투명점착,3,0,2025-07-01,1500,3720.0,WRF065,32267_투명점착_1500_WRF065_0_M7,투명
437,SW1250505214,32267,인쇄,4,0,2025-07-01,1500,3720.0,배합X,32267_인쇄_1500_배합X_0_M7,인쇄
446,SW1250512602,32316,안료접착,1,0,2025-07-10,1500,2100.0,T02539,32316_안료접착_1500_T02539_0_M7,안료
447,SW1250512602,32316,ISR(하드코팅),2,0,2025-07-10,1500,2100.0,T02150,32316_ISR(하드코팅)_1500_T02150_0_M7,SR
448,SW1250512602,32316,투명점착,3,0,2025-07-10,1500,2100.0,WRF065,32316_투명점착_1500_WRF065_0_M7,투명
449,SW1250512602,32316,인쇄,4,0,2025-07-10,1500,2100.0,배합X,32316_인쇄_1500_배합X_0_M7,인쇄
450,SW1250510301,32431,PPF점착,1,0,2025-07-20,1500,750.0,T01514,32431_PPF점착_1500_T01514_0_M7,투명
451,SW1250510301,32431,TOP COATING,2,0,2025-07-20,1500,750.0,T02116,32431_TOP COATING_1500_T02116_0_M7,SR
452,"SW1250512402, SW1250512401",32532,TOP COATING,1,4,2025-07-30,1300,5250.0,T02546,32532_TOP COATING_1300_T02546_4_M7,SR
453,"SW1250512402, SW1250512401",32532,투명점착,2,4,2025-07-30,1300,5250.0,T01862,32532_투명점착_1300_T01862_4_M7,투명
454,SW1250513407,32672,안료접착,1,0,2025-07-01,1500,2449.0,T02383,32672_안료접착_1500_T02383_0_M7,안료
455,SW1250513407,32672,ISR(항균),2,0,2025-07-01,1500,2449.0,T01512,32672_ISR(항균)_1500_T01512_0_M7,SR
456,SW1250513407,32672,투명점착,3,0,2025-07-01,1500,2449.0,T01750,32672_투명점착_1500_T01750_0_M7,투명
457,SW1250513407,32672,인쇄,4,0,2025-07-01,1500,2449.0,배합X,32672_인쇄_1500_배합X_0_M7,인쇄
458,SW1250513406,32674,안료접착,1,0,2025-07-01,1500,1705.0,T02385,32674_안료접착_1500_T02385_0_M7,안료
459,SW1250513406,32674,ISR(항균),2,0,2025-07-01,1500,1705.0,T01512,32674_ISR(항균)_1500_T01512_0_M7,SR
460,SW1250513406,32674,투명점착,3,0,2025-07-01,1500,1705.0,T01750,32674_투명점착_1500_T01750_0_M7,투명
461,SW1250513406,32674,인쇄,4,0,2025-07-01,1500,1705.0,배합X,32674_인쇄_1500_배합X_0_M7,인쇄
462,SW1250513409,32692,안료접착,1,0,2025-07-01,1500,1550.0,T02426,32692_안료접착_1500_T02426_0_M7,안료
463,SW1250513409,32692,ISR(항균),2,0,2025-07-01,1500,1550.0,T01512,32692_ISR(항균)_1500_T01512_0_M7,SR
464,SW1250513409,32692,투명점착,3,0,2025-07-01,1500,1550.0,WRF065,32692_투명점착_1500_WRF065_0_M7,투명
465,SW1250513409,32692,인쇄,4,0,2025-07-01,1500,1550.0,배합X,32692_인쇄_1500_배합X_0_M7,인쇄
466,SW1250513405,32700,안료접착,1,0,2025-07-01,1500,1550.0,T02391,32700_안료접착_1500_T02391_0_M7,안료
467,SW1250513405,32700,ISR(항균),2,0,2025-07-01,1500,1550.0,T01512,32700_ISR(항균)_1500_T01512_0_M7,SR
468,SW1250513405,32700,투명점착,3,0,2025-07-01,1500,1550.0,WRF065,32700_투명점착_1500_WRF065_0_M7,투명
469,SW1250513405,32700,인쇄,4,0,2025-07-01,1500,1550.0,배합X,32700_인쇄_1500_배합X_0_M7,인쇄
470,SW1250507409,32730,안료접착,1,0,2025-07-30,1500,1550.0,T02493,32730_안료접착_1500_T02493_0_M7,안료
471,SW1250507409,32730,MIBK SR,2,0,2025-07-30,1500,1550.0,T02149,32730_MIBK SR_1500_T02149_0_M7,SR
472,SW1250507409,32730,투명점착,3,0,2025-07-30,1500,1550.0,T01750,32730_투명점착_1500_T01750_0_M7,투명
473,SW1250507409,32730,인쇄,4,0,2025-07-30,1500,1550.0,배합X,32730_인쇄_1500_배합X_0_M7,인쇄
