,기계인덱스,작업 시작 시간,작업 종료 시간,공정순서,ID,P/O NO,GITEM,원단너비,생산길이,배합코드,납기일
1,C2010,2025-05-16 00:00:00,2025-05-16 01:00:00,1,31704_PPF점착_1500_T0915_0_M5,['SW1250407101'],31704,1500.0,304.0,T0915,['2025-05-21']
2,C2010,2025-05-16 01:00:00,2025-05-16 02:30:00,1,32023_투명점착_1500_T0915_0_M5,['SW1250503301'],32023,1500.0,773.0,T0915,['2025-05-24']
3,C2010,2025-05-16 03:30:00,2025-05-16 04:30:00,2,31704_TOP COATING_1500_T01715_0_M5,['SW1250407101'],31704,1500.0,304.0,T01715,['2025-05-21']
4,C2010,2025-05-16 05:30:00,2025-05-16 07:00:00,2,32023_TOP COATING_1500_T01713_0_M5,['SW1250503301'],32023,1500.0,773.0,T01713,['2025-05-24']
5,C2010,2025-05-16 09:00:00,2025-05-16 16:00:00,2,32528_비산점착_1300_T01862_4_M5,['SW1250503601'],32528,1300.0,6159.0,T01862,['2025-05-26']
6,C2010,2025-05-16 17:00:00,2025-05-16 19:30:00,1,31772_ESR_1300_T01020_4_M5,['SW1250505401'],31772,1300.0,1518.0,T01020,['2025-05-28']
7,C2010,2025-05-16 21:30:00,2025-05-16 23:30:00,2,31772_비산점착_1300_T01226_4_M5,['SW1250505401'],31772,1300.0,1518.0,T01226,['2025-05-28']
8,C2010,2025-05-17 01:30:00,2025-05-17 11:30:00,2,29059_비산점착_1500_T01792_0_M6,"['SW1250408201', 'SW1250507501']",29059,1500.0,11560.0,T01792,"['2025-06-13', '2025-06-02']"
9,C2010,2025-05-17 13:30:00,2025-05-17 14:30:00,1,32470_PPF점착_1500_T0915_0_M6,['SW1250508001'],32470,1500.0,317.0,T0915,['2025-06-03']
10,C2010,2025-05-17 16:30:00,2025-05-17 19:30:00,1,32739_PPF점착_1500_T02098_0_M6,['SW1250503702'],32739,1500.0,1517.0,T02098,['2025-06-03']
11,C2010,2025-05-17 20:30:00,2025-05-17 21:30:00,2,32470_TOP COATING_1500_T01521_0_M6,['SW1250508001'],32470,1500.0,317.0,T01521,['2025-06-03']
12,C2010,2025-05-17 22:30:00,2025-05-18 01:30:00,2,32739_TOP COATING_1500_T02244_0_M6,['SW1250503702'],32739,1500.0,1517.0,T02244,['2025-06-03']
13,C2010,2025-05-18 03:30:00,2025-05-18 06:00:00,1,25033_염료점착_1500_T02516_0_M6,['SW1250504505'],25033,1500.0,3176.0,T02516,['2025-06-05']
14,C2010,2025-05-18 08:00:00,2025-05-18 21:00:00,2,25278_비산점착_1500_T02560_0_M6,['SW1250504501'],25278,1500.0,11701.0,T02560,['2025-06-05']
15,C2010,2025-05-18 22:00:00,2025-05-20 06:30:00,1,31772_ESR_1300_T01020_4_M6,"['SW1250501901', 'SW1250502001', 'SW1250508801', 'SW1250508802', 'SW1250512302']",31772,1300.0,23389.0,T01020,"['2025-06-10', '2025-06-05', '2025-06-24', '2025-06-24', '2025-06-23']"
16,C2010,2025-05-20 06:30:00,2025-05-21 11:30:00,1,32556_ESR_1300_T01020_4_M6,"['SW1250505001', 'SW1250511801']",32556,1300.0,20831.0,T01020,"['2025-06-10', '2025-06-11']"
17,C2010,2025-05-21 12:30:00,2025-05-21 21:30:00,1,32556_ESR_1000_T01020_1_M6,['SW1250505002'],32556,1000.0,6172.0,T01020,['2025-06-10']
18,C2010,2025-05-21 23:30:00,2025-05-23 01:30:00,2,31772_비산점착_1300_T01226_4_M6,"['SW1250501901', 'SW1250502001', 'SW1250508801', 'SW1250508802', 'SW1250512302']",31772,1300.0,23389.0,T01226,"['2025-06-10', '2025-06-05', '2025-06-24', '2025-06-24', '2025-06-23']"
19,C2010,2025-05-23 01:30:00,2025-05-24 00:30:00,2,32556_비산점착_1300_T01226_4_M6,"['SW1250505001', 'SW1250511801']",32556,1300.0,20831.0,T01226,"['2025-06-10', '2025-06-11']"
20,C2010,2025-05-24 01:30:00,2025-05-24 08:30:00,2,32556_비산점착_1000_T01226_1_M6,['SW1250505002'],32556,1000.0,6172.0,T01226,['2025-06-10']
21,C2010,2025-05-24 09:30:00,2025-05-24 10:00:00,1,32174_TOP COATING_1500_T02116_0_M6,['SW1250509202'],32174,1500.0,13.0,T02116,['2025-06-09']
22,C2010,2025-05-24 12:00:00,2025-05-24 12:30:00,2,32174_PPF점착_1500_T01852_0_M6,['SW1250509202'],32174,1500.0,13.0,T01852,['2025-06-09']
23,C2010,2025-05-24 14:30:00,2025-05-24 16:00:00,1,32687_안료접착_1500_T02451_0_M6,['SW1250507307'],32687,1500.0,1654.0,T02451,['2025-06-09']
24,C2010,2025-05-24 18:00:00,2025-05-24 19:30:00,1,32693_안료접착_1500_T02428_0_M6,['SW1250507304'],32693,1500.0,1701.0,T02428,['2025-06-09']
25,C2010,2025-05-24 21:30:00,2025-05-24 22:30:00,1,32199_안료접착_1500_T01445_0_M6,['SW1250508101'],32199,1500.0,467.0,T01445,['2025-06-12']
26,C2010,2025-05-25 00:30:00,2025-05-25 01:30:00,1,31016_안료접착_1500_T02520_0_M6,['SW1250515601'],31016,1500.0,1779.0,T02520,['2025-06-13']
27,C2010,2025-05-25 03:30:00,2025-05-25 09:00:00,1,32023_투명점착_1500_T0915_0_M6,"['SW1250512701', 'SW1250515001']",32023,1500.0,3248.0,T0915,"['2025-06-12', '2025-06-26']"
28,C2010,2025-05-25 11:00:00,2025-05-25 12:00:00,2,32199_투명점착_1500_T01306_0_M6,['SW1250508101'],32199,1500.0,467.0,T01306,['2025-06-12']
29,C2010,2025-05-25 13:00:00,2025-05-25 18:30:00,2,32023_TOP COATING_1500_T01713_0_M6,"['SW1250512701', 'SW1250515001']",32023,1500.0,3248.0,T01713,"['2025-06-12', '2025-06-26']"
30,C2010,2025-05-25 19:30:00,2025-05-25 20:30:00,3,32199_TOP COATING_1500_T01576_0_M6,['SW1250508101'],32199,1500.0,467.0,T01576,['2025-06-12']
31,C2010,2025-05-25 22:30:00,2025-05-25 23:00:00,1,32474_안료점착_1500_T01445_0_M6,['SW1250510201'],32474,1500.0,16.0,T01445,['2025-06-12']
32,C2010,2025-05-26 01:00:00,2025-05-26 01:30:00,2,32474_PPF점착_1500_T01306_0_M6,['SW1250510201'],32474,1500.0,16.0,T01306,['2025-06-12']
33,C2010,2025-05-26 03:30:00,2025-05-26 06:30:00,1,32415_PPF점착_1500_T02116_0_M6,['SW1250501902'],32415,1500.0,1517.0,T02116,['2025-06-15']
34,C2010,2025-05-26 08:30:00,2025-05-26 14:00:00,1,32453_PPF점착_1500_T01543_0_M6,"['SW1250506201', 'SW1250506301', 'SW1250511901', 'SW1250512901']",32453,1500.0,3127.0,T01543,"['2025-06-20', '2025-06-17', '2025-06-23', '2025-06-17']"
35,C2010,2025-05-26 15:00:00,2025-05-26 15:30:00,3,32474_TOP COATING_1500_T02244_0_M6,['SW1250510201'],32474,1500.0,16.0,T02244,['2025-06-12']
36,C2010,2025-05-26 15:30:00,2025-05-26 21:00:00,2,32453_TOP COATING_1500_T02244_0_M6,"['SW1250506201', 'SW1250506301', 'SW1250511901', 'SW1250512901']",32453,1500.0,3127.0,T02244,"['2025-06-20', '2025-06-17', '2025-06-23', '2025-06-17']"
37,C2010,2025-05-26 22:00:00,2025-05-27 01:30:00,2,32415_TOP COATING_1500_T02116_0_M6,['SW1250501902'],32415,1500.0,1517.0,T02116,['2025-06-15']
38,C2010,2025-05-27 03:30:00,2025-05-27 05:00:00,1,32001_안료접착_1500_T02446_0_M6,['SW1250507407'],32001,1500.0,1707.0,T02446,['2025-06-16']
39,C2010,2025-05-27 07:00:00,2025-05-27 09:00:00,1,32472_BLACK EPU코팅_1500_14774_0_M6,['SW1250507601'],32472,1500.0,842.0,14774,['2025-06-16']
40,C2010,2025-05-27 10:00:00,2025-05-27 11:30:00,2,32472_TOP COATING_1500_T01514_0_M6,['SW1250507601'],32472,1500.0,842.0,T01514,['2025-06-16']
41,C2010,2025-05-27 13:30:00,2025-05-27 15:00:00,1,30566_안료접착_1500_T02150_0_M6,['SW1250507001'],30566,1500.0,1680.0,T02150,['2025-06-23']
42,C2010,2025-05-27 17:00:00,2025-05-27 19:30:00,1,32318_안료접착_1500_T02532_0_M6,['SW1250512403'],32318,1500.0,3246.0,T02532,['2025-06-24']
43,C2010,2025-05-27 20:30:00,2025-05-27 22:00:00,1,32318_안료접착_1000_T02532_1_M6,['SW1250508434'],32318,1000.0,1623.0,T02532,['2025-06-26']
44,C2010,2025-05-28 00:00:00,2025-05-28 01:00:00,1,32304_안료접착_1500_T02521_1_M6,"['SW1250508402', 'SW1250508403']",32304,1500.0,1615.0,T02521,"['2025-06-26', '2025-06-26']"
45,C2010,2025-05-28 03:00:00,2025-05-28 04:30:00,1,32306_안료접착_1500_T02534_0_M6,['SW1250508407'],32306,1500.0,1618.0,T02534,['2025-06-26']
46,C2010,2025-05-28 05:30:00,2025-05-28 08:30:00,1,32306_안료접착_1000_T02534_1_M6,"['SW1250508408', 'SW1250508409']",32306,1000.0,3560.0,T02534,"['2025-06-26', '2025-06-26']"
47,C2010,2025-05-28 10:30:00,2025-05-28 12:00:00,1,32309_안료접착_1500_T01747_0_M6,['SW1250508413'],32309,1500.0,1633.0,T01747,['2025-06-26']
48,C2010,2025-05-28 12:00:00,2025-05-28 13:30:00,1,32309_안료접착_1500_T01747_1_M6,"['SW1250508414', 'SW1250508415']",32309,1500.0,1633.0,T01747,"['2025-06-26', '2025-06-26']"
49,C2010,2025-05-28 15:30:00,2025-05-28 17:00:00,1,32310_안료접착_1500_T01748_0_M6,['SW1250508416'],32310,1500.0,1674.0,T01748,['2025-06-26']
50,C2010,2025-05-28 18:00:00,2025-05-28 21:30:00,1,32310_안료접착_1000_T01748_1_M6,"['SW1250508417', 'SW1250508418']",32310,1000.0,4353.0,T01748,"['2025-06-26', '2025-06-26']"
51,C2010,2025-05-28 23:30:00,2025-05-29 01:00:00,1,32312_안료접착_1500_T01688_0_M6,['SW1250508422'],32312,1500.0,1596.0,T01688,['2025-06-26']
52,C2010,2025-05-29 01:00:00,2025-05-29 02:00:00,1,32312_안료접착_1500_T01688_1_M6,"['SW1250508423', 'SW1250508424']",32312,1500.0,958.0,T01688,"['2025-06-26', '2025-06-26']"
53,C2010,2025-05-29 04:00:00,2025-05-29 06:00:00,1,32303_안료접착_1000_T01684_1_M6,['SW1250508401'],32303,1000.0,1617.0,T01684,['2025-06-26']
54,C2010,2025-05-29 08:00:00,2025-05-29 08:30:00,1,32198_PPF점착_1500_T0915_0_M6,['SW1250511202'],32198,1500.0,156.0,T0915,['2025-06-23']
55,C2010,2025-05-29 09:30:00,2025-05-29 10:00:00,2,32198_TOP COATING_1500_T01576_0_M6,['SW1250511202'],32198,1500.0,156.0,T01576,['2025-06-23']
56,C2010,2025-05-29 11:00:00,2025-05-29 15:00:00,1,31772_ESR_1000_T01020_1_M6,['SW1250512301'],31772,1000.0,2530.0,T01020,['2025-06-23']
57,C2010,2025-05-29 17:00:00,2025-05-29 20:00:00,2,31772_비산점착_1000_T01226_1_M6,['SW1250512301'],31772,1000.0,2530.0,T01226,['2025-06-23']
58,C2010,2025-05-29 22:00:00,2025-05-30 03:00:00,1,30863_비산점착_1500_W1558_0_M7,['SW1250504507'],30863,1500.0,5367.0,W1558,['2025-07-10']
59,C2010,2025-05-30 03:00:00,2025-05-30 08:00:00,2,30863_비산접착(1차)_1500_W1558_0_M7,['SW1250504507'],30863,1500.0,5367.0,W1558,['2025-07-10']
60,C2010,2025-05-30 10:00:00,2025-05-30 13:00:00,1,31023_안료접착_1500_T02404_0_M7,['SW1250507403'],31023,1500.0,3350.0,T02404,['2025-07-10']
61,C2010,2025-05-30 15:00:00,2025-05-30 16:00:00,1,31809_안료접착_1500_T01331_0_M7,['SW1250511701'],31809,1500.0,462.0,T01331,['2025-07-10']
62,C2010,2025-05-30 18:00:00,2025-05-31 05:30:00,1,32221_안료접착_1500_T02147_0_M7,['SW1250507101'],32221,1500.0,13351.0,T02147,['2025-07-10']
63,C2010,2025-05-31 07:30:00,2025-05-31 09:00:00,1,32315_안료접착_1500_T02538_0_M7,['SW1250508431'],32315,1500.0,1676.0,T02538,['2025-07-10']
64,C2010,2025-05-31 09:00:00,2025-05-31 10:00:00,1,32315_안료접착_1500_T02538_1_M7,"['SW1250508432', 'SW1250508433']",32315,1500.0,670.0,T02538,"['2025-07-10', '2025-07-10']"
65,C2010,2025-05-31 12:00:00,2025-05-31 13:00:00,2,31809_투명점착_1500_T01306_0_M7,['SW1250511701'],31809,1500.0,462.0,T01306,['2025-07-10']
66,C2010,2025-05-31 15:00:00,2025-05-31 20:30:00,1,32023_투명점착_1500_T0915_0_M7,['SW1250501402'],32023,1500.0,3093.0,T0915,['2025-07-15']
67,C2010,2025-05-31 22:30:00,2025-05-31 23:30:00,3,31809_TOP COATING_1500_T01715_0_M7,['SW1250511701'],31809,1500.0,462.0,T01715,['2025-07-10']
68,C2010,2025-06-01 00:30:00,2025-06-01 06:00:00,2,32023_TOP COATING_1500_T01713_0_M7,['SW1250501402'],32023,1500.0,3093.0,T01713,['2025-07-15']
69,C2010,2025-06-01 07:00:00,2025-06-02 16:00:00,1,31966_PPF점착_1500_T0915_0_M7,"['SW1250501401', 'SW1250512601']",31966,1500.0,19723.0,T0915,"['2025-07-15', '2025-07-15']"
70,C2010,2025-06-02 18:00:00,2025-06-02 19:30:00,1,32431_PPF점착_1500_T01514_0_M7,['SW1250510301'],32431,1500.0,772.0,T01514,['2025-07-20']
71,C2010,2025-06-02 21:30:00,2025-06-02 23:30:00,2,32431_TOP COATING_1500_T02116_0_M7,['SW1250510301'],32431,1500.0,772.0,T02116,['2025-07-20']
72,C2010,2025-06-03 00:30:00,2025-06-03 20:30:00,1,32532_TOP COATING_1300_T02546_4_M7,"['SW1250512401', 'SW1250512402']",32532,1300.0,5884.0,T02546,"['2025-07-30', '2025-07-30']"
73,C2010,2025-06-04 04:30:00,2025-06-04 12:30:00,2,29059_비산점착_1500_T01792_0_M7,['SW1250508701'],29059,1500.0,9430.0,T01792,['2025-07-11']
74,C2010,2025-06-04 13:30:00,2025-06-06 07:00:00,2,31966_TOP COATING_1500_T01288_0_M7,"['SW1250501401', 'SW1250512601']",31966,1500.0,19723.0,T01288,"['2025-07-15', '2025-07-15']"
75,C2010,2025-06-06 09:00:00,2025-06-06 16:00:00,2,32532_투명점착_1300_T01862_4_M7,"['SW1250512401', 'SW1250512402']",32532,1300.0,5884.0,T01862,"['2025-07-30', '2025-07-30']"
76,C2250,2025-05-15 13:00:00,2025-05-15 16:30:00,4,30151_인쇄_1500_배합X_2_M5,['SW1250502301'],30151,1500.0,3333.0,배합X,['2025-05-22']
77,C2250,2025-05-18 10:00:00,2025-05-18 12:30:00,4,32244_인쇄_1500_배합X_1_M5,"['SW1250506119', 'SW1250506501']",32244,1500.0,2008.0,배합X,"['2025-05-28', '2025-05-29']"
78,C2250,2025-05-18 19:30:00,2025-05-18 21:00:00,4,32244_인쇄_1500_배합X_0_M5,['SW1250506502'],32244,1500.0,1339.0,배합X,['2025-05-29']
79,C2250,2025-05-18 21:00:00,2025-05-19 00:30:00,4,31019_인쇄_1500_배합X_0_M6,['SW1250507201'],31019,1500.0,3292.0,배합X,['2025-06-02']
80,C2250,2025-05-19 20:00:00,2025-05-19 23:30:00,4,32377_인쇄_1500_배합X_0_M6,['SW1250507310'],32377,1500.0,3349.0,배합X,['2025-06-09']
81,C2250,2025-05-19 23:30:00,2025-05-20 03:00:00,4,32378_인쇄_1500_배합X_0_M6,['SW1250507312'],32378,1500.0,3333.0,배합X,['2025-06-09']
82,C2250,2025-05-20 03:00:00,2025-05-20 05:00:00,4,32495_인쇄_1500_배합X_0_M6,['SW1250507311'],32495,1500.0,1671.0,배합X,['2025-06-09']
83,C2250,2025-05-20 05:00:00,2025-05-20 07:00:00,4,32497_인쇄_1500_배합X_0_M6,['SW1250507313'],32497,1500.0,1734.0,배합X,['2025-06-09']
84,C2250,2025-05-21 02:30:00,2025-05-21 06:00:00,4,32672_인쇄_1500_배합X_0_M6,['SW1250507301'],32672,1500.0,3352.0,배합X,['2025-06-09']
85,C2250,2025-05-21 07:30:00,2025-05-21 09:30:00,4,32673_인쇄_1500_배합X_0_M6,['SW1250507302'],32673,1500.0,1643.0,배합X,['2025-06-09']
86,C2250,2025-05-21 09:30:00,2025-05-21 11:30:00,4,32674_인쇄_1500_배합X_0_M6,['SW1250507303'],32674,1500.0,1653.0,배합X,['2025-06-09']
87,C2250,2025-05-21 11:30:00,2025-05-21 13:30:00,4,32688_인쇄_1500_배합X_0_M6,['SW1250507308'],32688,1500.0,1655.0,배합X,['2025-06-09']
88,C2250,2025-05-21 13:30:00,2025-05-21 17:00:00,4,32689_인쇄_1500_배합X_0_M6,['SW1250507309'],32689,1500.0,3430.0,배합X,['2025-06-09']
89,C2250,2025-05-21 17:00:00,2025-05-21 19:00:00,4,32694_인쇄_1500_배합X_0_M6,['SW1250507305'],32694,1500.0,1668.0,배합X,['2025-06-09']
90,C2250,2025-05-21 19:00:00,2025-05-21 21:00:00,4,32695_인쇄_1500_배합X_0_M6,['SW1250507306'],32695,1500.0,1683.0,배합X,['2025-06-09']
91,C2250,2025-05-21 21:00:00,2025-05-21 23:00:00,4,31017_인쇄_1500_배합X_0_M6,['SW1250515602'],31017,1500.0,1648.0,배합X,['2025-06-13']
92,C2250,2025-05-22 00:30:00,2025-05-22 02:30:00,4,31505_인쇄_1500_배합X_0_M6,['SW1250515603'],31505,1500.0,1656.0,배합X,['2025-06-13']
93,C2250,2025-05-22 21:30:00,2025-05-23 02:30:00,4,31020_인쇄_1500_배합X_0_M6,['SW1250507401'],31020,1500.0,5049.0,배합X,['2025-06-16']
94,C2250,2025-05-23 02:30:00,2025-05-23 06:00:00,4,31021_인쇄_1500_배합X_0_M6,['SW1250507402'],31021,1500.0,3350.0,배합X,['2025-06-16']
95,C2250,2025-05-23 06:00:00,2025-05-23 11:00:00,4,31024_인쇄_1500_배합X_0_M6,['SW1250507404'],31024,1500.0,4968.0,배합X,['2025-06-16']
96,C2250,2025-05-23 12:00:00,2025-05-23 15:30:00,4,31025_인쇄_1500_배합X_0_M6,['SW1250507405'],31025,1500.0,3338.0,배합X,['2025-06-16']
97,C2250,2025-05-23 15:30:00,2025-05-23 17:00:00,4,31026_인쇄_1500_배합X_0_M6,['SW1250507406'],31026,1500.0,1632.0,배합X,['2025-06-16']
98,C2250,2025-05-23 17:00:00,2025-05-23 20:30:00,4,32002_인쇄_1500_배합X_0_M6,['SW1250507408'],32002,1500.0,3461.0,배합X,['2025-06-16']
99,C2250,2025-05-24 05:00:00,2025-05-24 07:00:00,4,31925_인쇄_1500_배합X_0_M6,['SW1250507410'],31925,1500.0,1699.0,배합X,['2025-06-16']
100,C2250,2025-05-24 09:00:00,2025-05-24 11:30:00,4,30458_인쇄_1500_배합X_1_M6,"['SW1250512202', 'SW1250512204']",30458,1500.0,2573.0,배합X,"['2025-06-20', '2025-06-20']"
101,C2250,2025-05-24 11:30:00,2025-05-24 12:00:00,4,30458_인쇄_1500_배합X_3_M6,['SW1250512203'],30458,1500.0,503.0,배합X,['2025-06-20']
102,C2250,2025-05-24 12:00:00,2025-05-24 13:00:00,4,31382_인쇄_1500_배합X_0_M6,['SW1250512201'],31382,1500.0,669.0,배합X,['2025-06-20']
103,C2250,2025-05-24 13:00:00,2025-05-24 13:30:00,4,31382_인쇄_1500_배합X_1_M6,['SW1250512211'],31382,1500.0,334.0,배합X,['2025-06-20']
104,C2250,2025-05-24 13:30:00,2025-05-24 15:00:00,4,31503_인쇄_1500_배합X_0_M6,['SW1250512207'],31503,1500.0,1234.0,배합X,['2025-06-20']
105,C2250,2025-05-24 15:00:00,2025-05-24 15:30:00,4,31503_인쇄_1500_배합X_3_M6,['SW1250512209'],31503,1500.0,343.0,배합X,['2025-06-20']
106,C2250,2025-05-24 23:00:00,2025-05-25 00:30:00,4,31503_인쇄_1500_배합X_1_M6,"['SW1250512208', 'SW1250512210']",31503,1500.0,1142.0,배합X,"['2025-06-20', '2025-06-20']"
107,C2250,2025-05-25 00:30:00,2025-05-25 02:30:00,4,32687_인쇄_1500_배합X_0_M6,['SW1250507307'],32687,1500.0,1654.0,배합X,['2025-06-09']
108,C2250,2025-05-25 02:30:00,2025-05-25 04:30:00,4,32693_인쇄_1500_배합X_0_M6,['SW1250507304'],32693,1500.0,1701.0,배합X,['2025-06-09']
109,C2250,2025-05-25 07:30:00,2025-05-25 09:30:00,4,31016_인쇄_1500_배합X_0_M6,['SW1250515601'],31016,1500.0,1779.0,배합X,['2025-06-13']
110,C2250,2025-05-25 12:00:00,2025-05-25 15:30:00,4,30460_인쇄_1500_배합X_0_M6,['SW1250512205'],30460,1500.0,3348.0,배합X,['2025-06-20']
111,C2250,2025-05-25 17:30:00,2025-05-26 02:00:00,4,30460_인쇄_1500_배합X_1_M6,['SW1250512206'],30460,1500.0,8405.0,배합X,['2025-06-20']
112,C2250,2025-05-26 13:00:00,2025-05-26 15:00:00,4,32320_인쇄_1500_배합X_0_M6,['SW1250512603'],32320,1500.0,1699.0,배합X,['2025-06-23']
113,C2250,2025-05-26 15:00:00,2025-05-26 17:00:00,4,32305_인쇄_1500_배합X_0_M6,['SW1250508404'],32305,1500.0,1616.0,배합X,['2025-06-26']
114,C2250,2025-05-26 17:00:00,2025-05-26 19:00:00,4,32307_인쇄_1500_배합X_0_M6,['SW1250508410'],32307,1500.0,1613.0,배합X,['2025-06-26']
115,C2250,2025-05-26 19:00:00,2025-05-26 22:00:00,4,32307_인쇄_1500_배합X_1_M6,"['SW1250508411', 'SW1250508412']",32307,1500.0,2581.0,배합X,"['2025-06-26', '2025-06-26']"
116,C2250,2025-05-26 22:00:00,2025-05-27 00:00:00,4,32311_인쇄_1500_배합X_0_M6,['SW1250508419'],32311,1500.0,1599.0,배합X,['2025-06-26']
117,C2250,2025-05-27 00:00:00,2025-05-27 02:00:00,4,32311_인쇄_1500_배합X_1_M6,"['SW1250508420', 'SW1250508421']",32311,1500.0,1599.0,배합X,"['2025-06-26', '2025-06-26']"
118,C2250,2025-05-27 02:00:00,2025-05-27 04:00:00,4,32313_인쇄_1500_배합X_0_M6,['SW1250508425'],32313,1500.0,1615.0,배합X,['2025-06-26']
119,C2250,2025-05-27 04:00:00,2025-05-27 06:00:00,4,32313_인쇄_1500_배합X_1_M6,"['SW1250508426', 'SW1250508427']",32313,1500.0,1615.0,배합X,"['2025-06-26', '2025-06-26']"
120,C2250,2025-05-27 06:00:00,2025-05-27 08:00:00,4,32314_인쇄_1500_배합X_0_M6,['SW1250508428'],32314,1500.0,1570.0,배합X,['2025-06-26']
121,C2250,2025-05-27 08:00:00,2025-05-27 09:30:00,4,32314_인쇄_1500_배합X_1_M6,"['SW1250508429', 'SW1250508430']",32314,1500.0,942.0,배합X,"['2025-06-26', '2025-06-26']"
122,C2250,2025-05-27 09:30:00,2025-05-27 11:30:00,4,32001_인쇄_1500_배합X_0_M6,['SW1250507407'],32001,1500.0,1707.0,배합X,['2025-06-16']
123,C2250,2025-05-27 11:30:00,2025-05-27 13:30:00,4,32319_인쇄_1500_배합X_0_M6,['SW1250508435'],32319,1500.0,1723.0,배합X,['2025-06-26']
124,C2250,2025-05-27 13:30:00,2025-05-27 14:30:00,4,32319_인쇄_1500_배합X_1_M6,"['SW1250508436', 'SW1250508437']",32319,1500.0,689.0,배합X,"['2025-06-26', '2025-06-26']"
125,C2250,2025-05-27 14:30:00,2025-05-27 17:00:00,4,32305_인쇄_1000_배합X_1_M6,"['SW1250508405', 'SW1250508406']",32305,1000.0,1939.0,배합X,"['2025-06-26', '2025-06-26']"
126,C2250,2025-05-27 18:30:00,2025-05-27 20:30:00,4,30566_인쇄_1500_배합X_0_M6,['SW1250507001'],30566,1500.0,1680.0,배합X,['2025-06-23']
127,C2250,2025-05-29 09:00:00,2025-05-29 11:00:00,4,32304_인쇄_1500_배합X_1_M6,"['SW1250508402', 'SW1250508403']",32304,1500.0,1615.0,배합X,"['2025-06-26', '2025-06-26']"
128,C2250,2025-05-29 11:30:00,2025-05-29 15:30:00,4,32318_인쇄_1500_배합X_0_M6,['SW1250512403'],32318,1500.0,3246.0,배합X,['2025-06-24']
129,C2250,2025-05-29 15:30:00,2025-05-29 17:30:00,4,32306_인쇄_1500_배합X_0_M6,['SW1250508407'],32306,1500.0,1618.0,배합X,['2025-06-26']
130,C2250,2025-05-29 17:30:00,2025-05-29 19:30:00,4,32309_인쇄_1500_배합X_0_M6,['SW1250508413'],32309,1500.0,1633.0,배합X,['2025-06-26']
131,C2250,2025-05-29 19:30:00,2025-05-29 21:30:00,4,32309_인쇄_1500_배합X_1_M6,"['SW1250508414', 'SW1250508415']",32309,1500.0,1633.0,배합X,"['2025-06-26', '2025-06-26']"
132,C2250,2025-05-29 21:30:00,2025-05-29 23:30:00,4,32310_인쇄_1500_배합X_0_M6,['SW1250508416'],32310,1500.0,1674.0,배합X,['2025-06-26']
133,C2250,2025-05-29 23:30:00,2025-05-30 01:30:00,4,32312_인쇄_1500_배합X_0_M6,['SW1250508422'],32312,1500.0,1596.0,배합X,['2025-06-26']
134,C2250,2025-05-30 01:30:00,2025-05-30 03:00:00,4,32312_인쇄_1500_배합X_1_M6,"['SW1250508423', 'SW1250508424']",32312,1500.0,958.0,배합X,"['2025-06-26', '2025-06-26']"
135,C2250,2025-05-30 03:00:00,2025-05-30 05:00:00,4,32303_인쇄_1000_배합X_1_M6,['SW1250508401'],32303,1000.0,1617.0,배합X,['2025-06-26']
136,C2250,2025-05-30 05:00:00,2025-05-30 09:00:00,4,32306_인쇄_1000_배합X_1_M6,"['SW1250508408', 'SW1250508409']",32306,1000.0,3560.0,배합X,"['2025-06-26', '2025-06-26']"
137,C2250,2025-05-30 09:00:00,2025-05-30 14:00:00,4,32310_인쇄_1000_배합X_1_M6,"['SW1250508417', 'SW1250508418']",32310,1000.0,4353.0,배합X,"['2025-06-26', '2025-06-26']"
138,C2250,2025-05-30 14:00:00,2025-05-30 16:00:00,4,32318_인쇄_1000_배합X_1_M6,['SW1250508434'],32318,1000.0,1623.0,배합X,['2025-06-26']
139,C2250,2025-05-30 16:00:00,2025-05-30 18:00:00,4,32717_인쇄_1500_배합X_0_M6,['SW1250506901'],32717,1500.0,1690.0,배합X,['2025-06-25']
140,C2250,2025-05-30 18:00:00,2025-05-30 20:00:00,4,32718_인쇄_1500_배합X_0_M6,['SW1250506902'],32718,1500.0,1693.0,배합X,['2025-06-25']
141,C2250,2025-05-30 20:00:00,2025-05-30 22:00:00,4,32719_인쇄_1500_배합X_0_M6,['SW1250506903'],32719,1500.0,1640.0,배합X,['2025-06-25']
142,C2250,2025-05-30 22:00:00,2025-05-31 09:30:00,4,32222_인쇄_1500_배합X_0_M6,['SW1250507102'],32222,1500.0,11669.0,배합X,['2025-06-30']
143,C2250,2025-05-31 09:30:00,2025-05-31 11:30:00,4,30458_인쇄_1500_배합X_0_M7,['SW1250513404'],30458,1500.0,1678.0,배합X,['2025-07-01']
144,C2250,2025-05-31 11:30:00,2025-05-31 13:30:00,4,31361_인쇄_1500_배합X_0_M7,['SW1250513408'],31361,1500.0,1684.0,배합X,['2025-07-01']
145,C2250,2025-05-31 16:30:00,2025-05-31 20:00:00,4,32225_인쇄_1500_배합X_0_M6,['SW1250507103'],32225,1500.0,3315.0,배합X,['2025-06-30']
146,C2250,2025-05-31 20:00:00,2025-05-31 22:30:00,4,31652_인쇄_1500_배합X_0_M7,['SW1250505204'],31652,1500.0,1998.0,배합X,['2025-07-01']
147,C2250,2025-05-31 22:30:00,2025-06-01 00:30:00,4,31798_인쇄_1500_배합X_0_M7,['SW1250505201'],31798,1500.0,2004.0,배합X,['2025-07-01']
148,C2250,2025-06-01 00:30:00,2025-06-01 04:30:00,4,31800_인쇄_1500_배합X_0_M7,['SW1250505202'],31800,1500.0,3988.0,배합X,['2025-07-01']
149,C2250,2025-06-01 04:30:00,2025-06-01 08:30:00,4,31802_인쇄_1500_배합X_0_M7,['SW1250505203'],31802,1500.0,3959.0,배합X,['2025-07-01']
150,C2250,2025-06-01 08:30:00,2025-06-01 12:30:00,4,32016_인쇄_1500_배합X_0_M7,['SW1250505215'],32016,1500.0,4164.0,배합X,['2025-07-01']
151,C2250,2025-06-01 12:30:00,2025-06-01 16:30:00,4,32017_인쇄_1500_배합X_0_M7,['SW1250505216'],32017,1500.0,4044.0,배합X,['2025-07-01']
152,C2250,2025-06-01 17:00:00,2025-06-01 21:00:00,4,31600_인쇄_1500_배합X_0_M7,['SW1250505205'],31600,1500.0,4026.0,배합X,['2025-07-01']
153,C2250,2025-06-02 09:00:00,2025-06-02 11:00:00,4,31737_인쇄_1500_배합X_0_M7,['SW1250505206'],31737,1500.0,2003.0,배합X,['2025-07-01']
154,C2250,2025-06-02 11:30:00,2025-06-02 15:30:00,4,31738_인쇄_1500_배합X_0_M7,['SW1250505207'],31738,1500.0,3986.0,배합X,['2025-07-01']
155,C2250,2025-06-02 15:30:00,2025-06-02 17:30:00,4,31739_인쇄_1500_배합X_0_M7,['SW1250505208'],31739,1500.0,2000.0,배합X,['2025-07-01']
156,C2250,2025-06-02 17:30:00,2025-06-02 19:30:00,4,32260_인쇄_1500_배합X_0_M7,['SW1250505209'],32260,1500.0,2040.0,배합X,['2025-07-01']
157,C2250,2025-06-02 19:30:00,2025-06-02 23:30:00,4,32261_인쇄_1500_배합X_0_M7,['SW1250505210'],32261,1500.0,3982.0,배합X,['2025-07-01']
158,C2250,2025-06-02 23:30:00,2025-06-03 02:00:00,4,32262_인쇄_1500_배합X_0_M7,['SW1250505211'],32262,1500.0,2119.0,배합X,['2025-07-01']
159,C2250,2025-06-03 02:00:00,2025-06-03 06:00:00,4,32264_인쇄_1500_배합X_0_M7,['SW1250505212'],32264,1500.0,4046.0,배합X,['2025-07-01']
160,C2250,2025-06-03 06:00:00,2025-06-03 08:00:00,4,32266_인쇄_1500_배합X_0_M7,['SW1250505213'],32266,1500.0,2036.0,배합X,['2025-07-01']
161,C2250,2025-06-03 08:00:00,2025-06-03 12:30:00,4,32267_인쇄_1500_배합X_0_M7,['SW1250505214'],32267,1500.0,4165.0,배합X,['2025-07-01']
162,C2250,2025-06-03 14:00:00,2025-06-03 17:00:00,4,32672_인쇄_1500_배합X_0_M7,['SW1250513407'],32672,1500.0,2648.0,배합X,['2025-07-01']
163,C2250,2025-06-03 17:00:00,2025-06-03 19:00:00,4,32674_인쇄_1500_배합X_0_M7,['SW1250513406'],32674,1500.0,1818.0,배합X,['2025-07-01']
164,C2250,2025-06-03 19:00:00,2025-06-03 21:00:00,4,32692_인쇄_1500_배합X_0_M7,['SW1250513409'],32692,1500.0,1680.0,배합X,['2025-07-01']
165,C2250,2025-06-03 21:00:00,2025-06-03 23:00:00,4,32700_인쇄_1500_배합X_0_M7,['SW1250513405'],32700,1500.0,1698.0,배합X,['2025-07-01']
166,C2250,2025-06-04 12:30:00,2025-06-04 16:00:00,4,31023_인쇄_1500_배합X_0_M7,['SW1250507403'],31023,1500.0,3350.0,배합X,['2025-07-10']
167,C2250,2025-06-04 16:00:00,2025-06-04 18:00:00,4,32315_인쇄_1500_배합X_0_M7,['SW1250508431'],32315,1500.0,1676.0,배합X,['2025-07-10']
168,C2250,2025-06-04 18:00:00,2025-06-04 19:00:00,4,32315_인쇄_1500_배합X_1_M7,"['SW1250508432', 'SW1250508433']",32315,1500.0,670.0,배합X,"['2025-07-10', '2025-07-10']"
169,C2250,2025-06-05 03:00:00,2025-06-05 16:30:00,4,32221_인쇄_1500_배합X_0_M7,['SW1250507101'],32221,1500.0,13351.0,배합X,['2025-07-10']
170,C2250,2025-06-05 16:30:00,2025-06-05 19:00:00,4,32316_인쇄_1500_배합X_0_M7,['SW1250512602'],32316,1500.0,2253.0,배합X,['2025-07-10']
171,C2250,2025-06-05 19:00:00,2025-06-05 21:00:00,4,32730_인쇄_1500_배합X_0_M7,['SW1250507409'],32730,1500.0,1727.0,배합X,['2025-07-30']
172,C2260,2025-05-15 00:00:00,2025-05-15 02:30:00,1,30151_안료접착_1500_T02159_2_M5,['SW1250502301'],30151,1500.0,3333.0,T02159,['2025-05-22']
173,C2260,2025-05-15 04:30:00,2025-05-15 14:00:00,1,31539_염료점착_1500_T02299_1_M5,"['SW1250506102', 'SW1250506104']",31539,1500.0,10224.0,T02299,"['2025-05-28', '2025-05-28']"
174,C2260,2025-05-15 14:00:00,2025-05-16 04:30:00,1,31539_염료점착_1500_T02299_2_M5,['SW1250506103'],31539,1500.0,15335.0,T02299,['2025-05-28']
175,C2260,2025-05-16 06:30:00,2025-05-16 14:00:00,1,31539_염료점착_1300_T02299_4_M5,['SW1250506101'],31539,1300.0,7668.0,T02299,['2025-05-28']
176,C2260,2025-05-16 16:00:00,2025-05-17 00:30:00,1,31540_염료점착_1500_T02296_1_M5,"['SW1250506109', 'SW1250506113']",31540,1500.0,10125.0,T02296,"['2025-05-28', '2025-05-28']"
177,C2260,2025-05-17 00:30:00,2025-05-17 07:00:00,1,31540_염료점착_1500_T02296_2_M5,"['SW1250506110', 'SW1250506111', 'SW1250506601']",31540,1500.0,7593.0,T02296,"['2025-05-28', '2025-05-28', '2025-05-30']"
178,C2260,2025-05-17 09:00:00,2025-05-17 12:00:00,1,31541_염료점착_1500_T02300_1_M5,"['SW1250506114', 'SW1250506117']",31541,1500.0,3822.0,T02300,"['2025-05-28', '2025-05-28']"
179,C2260,2025-05-17 12:00:00,2025-05-17 15:00:00,1,31541_염료점착_1500_T02300_2_M5,"['SW1250506115', 'SW1250506116']",31541,1500.0,3822.0,T02300,"['2025-05-28', '2025-05-28']"
180,C2260,2025-05-17 17:00:00,2025-05-17 21:30:00,1,31864_염료점착_1500_T02515_1_M5,"['SW1250506105', 'SW1250506108']",31864,1500.0,6325.0,T02515,"['2025-05-28', '2025-05-28']"
181,C2260,2025-05-17 21:30:00,2025-05-18 00:30:00,1,31864_염료점착_1500_T02515_2_M5,"['SW1250506106', 'SW1250506107']",31864,1500.0,3795.0,T02515,"['2025-05-28', '2025-05-28']"
182,C2260,2025-05-18 02:30:00,2025-05-18 05:00:00,1,32244_안료접착_1500_T02510_1_M5,"['SW1250506119', 'SW1250506501']",32244,1500.0,2008.0,T02510,"['2025-05-28', '2025-05-29']"
183,C2260,2025-05-18 05:00:00,2025-05-18 06:30:00,1,32244_안료접착_1500_T02510_0_M5,['SW1250506502'],32244,1500.0,1339.0,T02510,['2025-05-29']
184,C2260,2025-05-18 08:30:00,2025-05-18 12:00:00,1,31019_안료접착_1500_T02038_0_M6,['SW1250507201'],31019,1500.0,3292.0,T02038,['2025-06-02']
185,C2260,2025-05-18 14:00:00,2025-05-18 17:00:00,1,26193_투명점착_1500_T01786_0_M6,['SW1250504502'],26193,1500.0,4778.0,T01786,['2025-06-05']
186,C2260,2025-05-18 19:00:00,2025-05-18 20:30:00,1,28732_투명접착_1500_WRF065_0_M6,['SW1250504504'],28732,1500.0,2281.0,WRF065,['2025-06-05']
187,C2260,2025-05-18 20:30:00,2025-05-18 22:00:00,2,28732_투명점착_1500_WRF065_0_M6,['SW1250504504'],28732,1500.0,2281.0,WRF065,['2025-06-05']
188,C2260,2025-05-19 00:00:00,2025-05-19 02:30:00,1,32377_안료접착_1500_T02173_0_M6,['SW1250507310'],32377,1500.0,3349.0,T02173,['2025-06-09']
189,C2260,2025-05-19 04:30:00,2025-05-19 07:30:00,1,32378_안료접착_1500_T02174_0_M6,['SW1250507312'],32378,1500.0,3333.0,T02174,['2025-06-09']
190,C2260,2025-05-19 09:30:00,2025-05-19 11:00:00,1,32495_안료접착_1500_T02083_0_M6,['SW1250507311'],32495,1500.0,1671.0,T02083,['2025-06-09']
191,C2260,2025-05-19 13:00:00,2025-05-19 14:30:00,1,32497_안료접착_1500_W2028_0_M6,['SW1250507313'],32497,1500.0,1734.0,W2028,['2025-06-09']
192,C2260,2025-05-19 16:30:00,2025-05-19 19:30:00,1,32672_안료접착_1500_T02383_0_M6,['SW1250507301'],32672,1500.0,3352.0,T02383,['2025-06-09']
193,C2260,2025-05-19 21:30:00,2025-05-19 23:00:00,1,32673_안료접착_1500_T02384_0_M6,['SW1250507302'],32673,1500.0,1643.0,T02384,['2025-06-09']
194,C2260,2025-05-20 01:00:00,2025-05-20 02:30:00,1,32674_안료접착_1500_T02385_0_M6,['SW1250507303'],32674,1500.0,1653.0,T02385,['2025-06-09']
195,C2260,2025-05-20 04:30:00,2025-05-20 06:00:00,1,32688_안료접착_1500_T02417_0_M6,['SW1250507308'],32688,1500.0,1655.0,T02417,['2025-06-09']
196,C2260,2025-05-20 08:00:00,2025-05-20 11:00:00,1,32689_안료접착_1500_T02418_0_M6,['SW1250507309'],32689,1500.0,3430.0,T02418,['2025-06-09']
197,C2260,2025-05-20 13:00:00,2025-05-20 14:30:00,1,32694_안료접착_1500_T02422_0_M6,['SW1250507305'],32694,1500.0,1668.0,T02422,['2025-06-09']
198,C2260,2025-05-20 16:30:00,2025-05-20 18:00:00,1,32695_안료접착_1500_T02416_0_M6,['SW1250507306'],32695,1500.0,1683.0,T02416,['2025-06-09']
199,C2260,2025-05-20 20:00:00,2025-05-20 21:30:00,1,31017_안료접착_1500_T02031_0_M6,['SW1250515602'],31017,1500.0,1648.0,T02031,['2025-06-13']
200,C2260,2025-05-20 23:30:00,2025-05-21 01:00:00,1,31505_안료접착_1500_T02093_0_M6,['SW1250515603'],31505,1500.0,1656.0,T02093,['2025-06-13']
201,C2260,2025-05-21 03:00:00,2025-05-21 06:30:00,1,31020_안료접착_1500_T02228_0_M6,['SW1250507401'],31020,1500.0,5049.0,T02228,['2025-06-16']
202,C2260,2025-05-21 08:30:00,2025-05-21 11:30:00,1,31021_안료접착_1500_T02229_0_M6,['SW1250507402'],31021,1500.0,3350.0,T02229,['2025-06-16']
203,C2260,2025-05-21 13:30:00,2025-05-21 17:00:00,1,31024_안료접착_1500_T02118_0_M6,['SW1250507404'],31024,1500.0,4968.0,T02118,['2025-06-16']
204,C2260,2025-05-21 19:00:00,2025-05-21 22:00:00,1,31025_안료접착_1500_T02119_0_M6,['SW1250507405'],31025,1500.0,3338.0,T02119,['2025-06-16']
205,C2260,2025-05-22 00:00:00,2025-05-22 01:30:00,1,31026_안료접착_1500_T02372_0_M6,['SW1250507406'],31026,1500.0,1632.0,T02372,['2025-06-16']
206,C2260,2025-05-22 03:30:00,2025-05-22 05:30:00,1,31925_안료접착_1500_T02405_0_M6,['SW1250507410'],31925,1500.0,1699.0,T02405,['2025-06-16']
207,C2260,2025-05-22 07:30:00,2025-05-22 11:30:00,1,32002_안료접착_1500_T02441_0_M6,['SW1250507408'],32002,1500.0,3461.0,T02441,['2025-06-16']
208,C2260,2025-05-22 13:30:00,2025-05-22 15:30:00,1,30458_안료접착_1500_T02158_1_M6,"['SW1250512202', 'SW1250512204']",30458,1500.0,2573.0,T02158,"['2025-06-20', '2025-06-20']"
209,C2260,2025-05-22 15:30:00,2025-05-22 16:00:00,1,30458_안료접착_1500_T02158_3_M6,['SW1250512203'],30458,1500.0,503.0,T02158,['2025-06-20']
210,C2260,2025-05-22 18:00:00,2025-05-22 20:30:00,1,30460_안료접착_1500_T02020_0_M6,['SW1250512205'],30460,1500.0,3348.0,T02020,['2025-06-20']
211,C2260,2025-05-22 20:30:00,2025-05-23 03:00:00,1,30460_안료접착_1500_T02020_1_M6,['SW1250512206'],30460,1500.0,8405.0,T02020,['2025-06-20']
212,C2260,2025-05-23 05:00:00,2025-05-23 05:30:00,1,31382_안료접착_1500_T02028_0_M6,['SW1250512201'],31382,1500.0,669.0,T02028,['2025-06-20']
213,C2260,2025-05-23 05:30:00,2025-05-23 06:00:00,1,31382_안료접착_1500_T02028_1_M6,['SW1250512211'],31382,1500.0,334.0,T02028,['2025-06-20']
214,C2260,2025-05-23 08:00:00,2025-05-23 09:00:00,1,31503_안료접착_1500_T02027_0_M6,['SW1250512207'],31503,1500.0,1234.0,T02027,['2025-06-20']
215,C2260,2025-05-23 09:00:00,2025-05-23 10:00:00,1,31503_안료접착_1500_T02027_1_M6,"['SW1250512208', 'SW1250512210']",31503,1500.0,1142.0,T02027,"['2025-06-20', '2025-06-20']"
216,C2260,2025-05-23 10:00:00,2025-05-23 10:30:00,1,31503_안료접착_1500_T02027_3_M6,['SW1250512209'],31503,1500.0,343.0,T02027,['2025-06-20']
217,C2260,2025-05-23 12:30:00,2025-05-23 13:30:00,1,30148_IR접착_1500_T02542_0_M6,['SW1250504508'],30148,1500.0,979.0,T02542,['2025-06-17']
218,C2260,2025-05-23 15:30:00,2025-05-23 17:00:00,1,32320_안료접착_1500_T01696_0_M6,['SW1250512603'],32320,1500.0,1699.0,T01696,['2025-06-23']
219,C2260,2025-05-23 19:00:00,2025-05-23 21:00:00,1,32717_안료접착_1500_T02537_0_M6,['SW1250506901'],32717,1500.0,1690.0,T02537,['2025-06-25']
220,C2260,2025-05-23 23:00:00,2025-05-24 01:00:00,1,32718_안료접착_1500_T02536_0_M6,['SW1250506902'],32718,1500.0,1693.0,T02536,['2025-06-25']
221,C2260,2025-05-24 03:00:00,2025-05-24 05:00:00,1,32719_안료접착_1500_T02535_0_M6,['SW1250506903'],32719,1500.0,1640.0,T02535,['2025-06-25']
222,C2260,2025-05-24 07:00:00,2025-05-24 08:30:00,1,32305_안료접착_1500_T02522_0_M6,['SW1250508404'],32305,1500.0,1616.0,T02522,['2025-06-26']
223,C2260,2025-05-24 10:30:00,2025-05-24 12:30:00,1,32305_안료접착_1000_T02522_1_M6,"['SW1250508405', 'SW1250508406']",32305,1000.0,1939.0,T02522,"['2025-06-26', '2025-06-26']"
224,C2260,2025-05-24 14:30:00,2025-05-24 16:00:00,1,32307_안료접착_1500_T02524_0_M6,['SW1250508410'],32307,1500.0,1613.0,T02524,['2025-06-26']
225,C2260,2025-05-24 16:00:00,2025-05-24 18:30:00,1,32307_안료접착_1500_T02524_1_M6,"['SW1250508411', 'SW1250508412']",32307,1500.0,2581.0,T02524,"['2025-06-26', '2025-06-26']"
226,C2260,2025-05-24 20:30:00,2025-05-24 22:00:00,1,32311_안료접착_1500_T01687_0_M6,['SW1250508419'],32311,1500.0,1599.0,T01687,['2025-06-26']
227,C2260,2025-05-24 22:00:00,2025-05-24 23:30:00,1,32311_안료접착_1500_T01687_1_M6,"['SW1250508420', 'SW1250508421']",32311,1500.0,1599.0,T01687,"['2025-06-26', '2025-06-26']"
228,C2260,2025-05-25 01:30:00,2025-05-25 03:00:00,1,32313_안료접착_1500_T01689_0_M6,['SW1250508425'],32313,1500.0,1615.0,T01689,['2025-06-26']
229,C2260,2025-05-25 03:00:00,2025-05-25 04:30:00,1,32313_안료접착_1500_T01689_1_M6,"['SW1250508426', 'SW1250508427']",32313,1500.0,1615.0,T01689,"['2025-06-26', '2025-06-26']"
230,C2260,2025-05-25 06:30:00,2025-05-25 08:00:00,1,32314_안료접착_1500_T01690_0_M6,['SW1250508428'],32314,1500.0,1570.0,T01690,['2025-06-26']
231,C2260,2025-05-25 08:00:00,2025-05-25 09:00:00,1,32314_안료접착_1500_T01690_1_M6,"['SW1250508429', 'SW1250508430']",32314,1500.0,942.0,T01690,"['2025-06-26', '2025-06-26']"
232,C2260,2025-05-25 11:00:00,2025-05-25 12:30:00,1,32319_안료접착_1500_T02531_0_M6,['SW1250508435'],32319,1500.0,1723.0,T02531,['2025-06-26']
233,C2260,2025-05-25 12:30:00,2025-05-25 13:30:00,1,32319_안료접착_1500_T02531_1_M6,"['SW1250508436', 'SW1250508437']",32319,1500.0,689.0,T02531,"['2025-06-26', '2025-06-26']"
234,C2260,2025-05-25 15:30:00,2025-05-25 17:30:00,1,25280_비산점착_1500_W1558_0_M6,['SW1250515501'],25280,1500.0,1698.0,W1558,['2025-06-25']
235,C2260,2025-05-25 17:30:00,2025-05-25 19:30:00,2,25280_비산접착(1차)_1500_W1558_0_M6,['SW1250515501'],25280,1500.0,1698.0,W1558,['2025-06-25']
236,C2260,2025-05-25 21:30:00,2025-05-25 23:30:00,3,25280_비산접착(2차)_1500_T0897_0_M6,['SW1250515501'],25280,1500.0,1698.0,T0897,['2025-06-25']
237,C2260,2025-05-26 01:30:00,2025-05-26 10:00:00,1,32222_안료접착_1500_T02148_0_M6,['SW1250507102'],32222,1500.0,11669.0,T02148,['2025-06-30']
238,C2260,2025-05-26 12:00:00,2025-05-26 15:00:00,1,32225_안료접착_1500_T02142_0_M6,['SW1250507103'],32225,1500.0,3315.0,T02142,['2025-06-30']
239,C2260,2025-05-26 17:00:00,2025-05-26 18:30:00,1,30458_안료접착_1500_T02158_0_M7,['SW1250513404'],30458,1500.0,1678.0,T02158,['2025-07-01']
240,C2260,2025-05-26 20:30:00,2025-05-26 22:00:00,1,31361_안료접착_1500_T02403_0_M7,['SW1250513408'],31361,1500.0,1684.0,T02403,['2025-07-01']
241,C2260,2025-05-27 00:00:00,2025-05-27 04:00:00,1,31600_안료접착_1500_T02295_0_M7,['SW1250505205'],31600,1500.0,4026.0,T02295,['2025-07-01']
242,C2260,2025-05-27 06:00:00,2025-05-27 08:30:00,1,31652_안료접착_1500_T02303_0_M7,['SW1250505204'],31652,1500.0,1998.0,T02303,['2025-07-01']
243,C2260,2025-05-27 10:30:00,2025-05-27 12:30:00,1,31737_안료접착_1500_T02016_0_M7,['SW1250505206'],31737,1500.0,2003.0,T02016,['2025-07-01']
244,C2260,2025-05-27 14:30:00,2025-05-27 17:30:00,1,31738_안료접착_1500_T02363_0_M7,['SW1250505207'],31738,1500.0,3986.0,T02363,['2025-07-01']
245,C2260,2025-05-27 19:30:00,2025-05-27 21:00:00,1,31739_안료접착_1500_T02364_0_M7,['SW1250505208'],31739,1500.0,2000.0,T02364,['2025-07-01']
246,C2260,2025-05-27 23:00:00,2025-05-28 01:00:00,1,31798_안료접착_1500_T02014_0_M7,['SW1250505201'],31798,1500.0,2004.0,T02014,['2025-07-01']
247,C2260,2025-05-28 03:00:00,2025-05-28 06:00:00,1,31800_안료접착_1500_T02126_0_M7,['SW1250505202'],31800,1500.0,3988.0,T02126,['2025-07-01']
248,C2260,2025-05-28 08:00:00,2025-05-28 11:00:00,1,31802_안료접착_1500_T02015_0_M7,['SW1250505203'],31802,1500.0,3959.0,T02015,['2025-07-01']
249,C2260,2025-05-28 13:00:00,2025-05-28 17:00:00,1,32016_안료접착_1500_T02318_0_M7,['SW1250505215'],32016,1500.0,4164.0,T02318,['2025-07-01']
250,C2260,2025-05-28 19:00:00,2025-05-28 23:30:00,1,32017_안료접착_1500_T02319_0_M7,['SW1250505216'],32017,1500.0,4044.0,T02319,['2025-07-01']
251,C2260,2025-05-29 01:30:00,2025-05-29 03:00:00,1,32260_안료접착_1500_T02186_0_M7,['SW1250505209'],32260,1500.0,2040.0,T02186,['2025-07-01']
252,C2260,2025-05-29 05:00:00,2025-05-29 08:00:00,1,32261_안료접착_1500_T02185_0_M7,['SW1250505210'],32261,1500.0,3982.0,T02185,['2025-07-01']
253,C2260,2025-05-29 10:00:00,2025-05-29 12:00:00,1,32262_안료접착_1500_T02131_0_M7,['SW1250505211'],32262,1500.0,2119.0,T02131,['2025-07-01']
254,C2260,2025-05-29 14:00:00,2025-05-29 17:30:00,1,32264_안료접착_1500_T02219_0_M7,['SW1250505212'],32264,1500.0,4046.0,T02219,['2025-07-01']
255,C2260,2025-05-29 19:30:00,2025-05-29 21:30:00,1,32266_안료접착_1500_T02500_0_M7,['SW1250505213'],32266,1500.0,2036.0,T02500,['2025-07-01']
256,C2260,2025-05-29 23:30:00,2025-05-30 03:00:00,1,32267_안료접착_1500_T02555_0_M7,['SW1250505214'],32267,1500.0,4165.0,T02555,['2025-07-01']
257,C2260,2025-05-30 05:00:00,2025-05-30 07:30:00,1,32672_안료접착_1500_T02383_0_M7,['SW1250513407'],32672,1500.0,2648.0,T02383,['2025-07-01']
258,C2260,2025-05-30 09:30:00,2025-05-30 11:00:00,1,32674_안료접착_1500_T02385_0_M7,['SW1250513406'],32674,1500.0,1818.0,T02385,['2025-07-01']
259,C2260,2025-05-30 13:00:00,2025-05-30 14:30:00,1,32692_안료접착_1500_T02426_0_M7,['SW1250513409'],32692,1500.0,1680.0,T02426,['2025-07-01']
260,C2260,2025-05-30 16:30:00,2025-05-30 18:00:00,1,32700_안료접착_1500_T02391_0_M7,['SW1250513405'],32700,1500.0,1698.0,T02391,['2025-07-01']
261,C2260,2025-05-30 20:00:00,2025-05-30 22:00:00,1,28731_투명접착_1500_WRF065_0_M7,['SW1250504503'],28731,1500.0,2378.0,WRF065,['2025-07-10']
262,C2260,2025-05-30 22:00:00,2025-05-31 00:00:00,2,28731_투명점착_1500_WRF065_0_M7,['SW1250504503'],28731,1500.0,2378.0,WRF065,['2025-07-10']
263,C2260,2025-05-31 02:00:00,2025-05-31 04:00:00,1,32316_안료접착_1500_T02539_0_M7,['SW1250512602'],32316,1500.0,2253.0,T02539,['2025-07-10']
264,C2260,2025-05-31 06:00:00,2025-05-31 08:00:00,1,32730_안료접착_1500_T02493_0_M7,['SW1250507409'],32730,1500.0,1727.0,T02493,['2025-07-30']
265,C2270,2025-05-15 02:30:00,2025-05-15 04:00:00,2,30151_MIBK SR_1500_T02149_2_M5,['SW1250502301'],30151,1500.0,3333.0,T02149,['2025-05-22']
266,C2270,2025-05-15 05:00:00,2025-05-15 08:00:00,1,32528_유광 S/R_1300_T02149_4_M5,['SW1250503601'],32528,1300.0,6159.0,T02149,['2025-05-26']
267,C2270,2025-05-15 10:00:00,2025-05-15 13:00:00,3,30151_투명점착_1500_W2010_2_M5,['SW1250502301'],30151,1500.0,3333.0,W2010,['2025-05-22']
268,C2270,2025-05-15 14:00:00,2025-05-15 18:30:00,2,31539_유광 S/R_1500_T02149_1_M5,"['SW1250506102', 'SW1250506104']",31539,1500.0,10224.0,T02149,"['2025-05-28', '2025-05-28']"
269,C2270,2025-05-15 19:30:00,2025-05-16 01:30:00,1,29059_유광 S/R_1500_W1809_0_M6,"['SW1250408201', 'SW1250507501']",29059,1500.0,11560.0,W1809,"['2025-06-13', '2025-06-02']"
270,C2270,2025-05-16 04:30:00,2025-05-16 11:00:00,2,31539_유광 S/R_1500_T02149_2_M5,['SW1250506103'],31539,1500.0,15335.0,T02149,['2025-05-28']
271,C2270,2025-05-16 14:00:00,2025-05-16 17:30:00,2,31539_유광 S/R_1300_T02149_4_M5,['SW1250506101'],31539,1300.0,7668.0,T02149,['2025-05-28']
272,C2270,2025-05-16 18:30:00,2025-05-17 00:30:00,1,25278_유광 S/R_1500_T02149_0_M6,['SW1250504501'],25278,1500.0,11701.0,T02149,['2025-06-05']
273,C2270,2025-05-17 00:30:00,2025-05-17 05:00:00,2,31540_유광 S/R_1500_T02149_1_M5,"['SW1250506109', 'SW1250506113']",31540,1500.0,10125.0,T02149,"['2025-05-28', '2025-05-28']"
274,C2270,2025-05-17 07:00:00,2025-05-17 10:30:00,2,31540_유광 S/R_1500_T02149_2_M5,"['SW1250506110', 'SW1250506111', 'SW1250506601']",31540,1500.0,7593.0,T02149,"['2025-05-28', '2025-05-28', '2025-05-30']"
275,C2270,2025-05-17 12:00:00,2025-05-17 14:00:00,2,31541_유광 S/R_1500_T02149_1_M5,"['SW1250506114', 'SW1250506117']",31541,1500.0,3822.0,T02149,"['2025-05-28', '2025-05-28']"
276,C2270,2025-05-17 15:00:00,2025-05-17 17:00:00,2,31541_유광 S/R_1500_T02149_2_M5,"['SW1250506115', 'SW1250506116']",31541,1500.0,3822.0,T02149,"['2025-05-28', '2025-05-28']"
277,C2270,2025-05-17 21:30:00,2025-05-18 00:30:00,2,31864_유광 S/R_1500_W1809_1_M5,"['SW1250506105', 'SW1250506108']",31864,1500.0,6325.0,W1809,"['2025-05-28', '2025-05-28']"
278,C2270,2025-05-18 00:30:00,2025-05-18 02:30:00,2,31864_유광 S/R_1500_W1809_2_M5,"['SW1250506106', 'SW1250506107']",31864,1500.0,3795.0,W1809,"['2025-05-28', '2025-05-28']"
279,C2270,2025-05-18 05:00:00,2025-05-18 06:00:00,2,32244_ISR(하드코팅)_1500_W1818_1_M5,"['SW1250506119', 'SW1250506501']",32244,1500.0,2008.0,W1818,"['2025-05-28', '2025-05-29']"
280,C2270,2025-05-18 06:30:00,2025-05-18 07:30:00,2,32244_ISR(하드코팅)_1500_W1818_0_M5,['SW1250506502'],32244,1500.0,1339.0,W1818,['2025-05-29']
281,C2270,2025-05-18 08:30:00,2025-05-18 10:00:00,3,32244_투명점착_1500_WRF065_1_M5,"['SW1250506119', 'SW1250506501']",32244,1500.0,2008.0,WRF065,"['2025-05-28', '2025-05-29']"
282,C2270,2025-05-18 12:00:00,2025-05-18 14:00:00,2,31019_ISR(하드코팅)_1500_W1818_0_M6,['SW1250507201'],31019,1500.0,3292.0,W1818,['2025-06-02']
283,C2270,2025-05-18 14:00:00,2025-05-18 16:30:00,3,31019_투명점착_1500_W1818_0_M6,['SW1250507201'],31019,1500.0,3292.0,W1818,['2025-06-02']
284,C2270,2025-05-18 18:30:00,2025-05-18 19:30:00,3,32244_투명점착_1500_WRF065_0_M5,['SW1250506502'],32244,1500.0,1339.0,WRF065,['2025-05-29']
285,C2270,2025-05-18 20:30:00,2025-05-18 22:00:00,2,25033_유광 S/R_1500_T02149_0_M6,['SW1250504505'],25033,1500.0,3176.0,T02149,['2025-06-05']
286,C2270,2025-05-18 22:00:00,2025-05-18 23:30:00,3,28732_유광 S/R_1500_T02149_0_M6,['SW1250504504'],28732,1500.0,2281.0,T02149,['2025-06-05']
287,C2270,2025-05-19 02:30:00,2025-05-19 04:00:00,2,32377_MIBK SR(항균)_1500_t01828_0_M6,['SW1250507310'],32377,1500.0,3349.0,t01828,['2025-06-09']
288,C2270,2025-05-19 07:30:00,2025-05-19 09:00:00,2,32378_MIBK SR(항균)_1500_t01828_0_M6,['SW1250507312'],32378,1500.0,3333.0,t01828,['2025-06-09']
289,C2270,2025-05-19 11:00:00,2025-05-19 12:00:00,2,32495_MIBK SR(항균)_1500_T01828_0_M6,['SW1250507311'],32495,1500.0,1671.0,T01828,['2025-06-09']
290,C2270,2025-05-19 14:30:00,2025-05-19 15:30:00,2,32497_MIBK SR(항균)_1500_t01828_0_M6,['SW1250507313'],32497,1500.0,1734.0,t01828,['2025-06-09']
291,C2270,2025-05-19 17:30:00,2025-05-19 20:00:00,3,32377_투명점착_1500_WRF065_0_M6,['SW1250507310'],32377,1500.0,3349.0,WRF065,['2025-06-09']
292,C2270,2025-05-19 20:00:00,2025-05-19 22:30:00,3,32378_투명점착_1500_WRF065_0_M6,['SW1250507312'],32378,1500.0,3333.0,WRF065,['2025-06-09']
293,C2270,2025-05-19 22:30:00,2025-05-20 00:00:00,3,32495_투명점착_1500_WRF065_0_M6,['SW1250507311'],32495,1500.0,1671.0,WRF065,['2025-06-09']
294,C2270,2025-05-20 00:00:00,2025-05-20 01:30:00,3,32497_투명점착_1500_WRF065_0_M6,['SW1250507313'],32497,1500.0,1734.0,WRF065,['2025-06-09']
295,C2270,2025-05-20 02:30:00,2025-05-20 05:00:00,2,32672_ISR(항균)_1500_T01512_0_M6,['SW1250507301'],32672,1500.0,3352.0,T01512,['2025-06-09']
296,C2270,2025-05-20 05:00:00,2025-05-20 06:30:00,2,32673_ISR(항균)_1500_T01512_0_M6,['SW1250507302'],32673,1500.0,1643.0,T01512,['2025-06-09']
297,C2270,2025-05-20 06:30:00,2025-05-20 08:00:00,2,32674_ISR(항균)_1500_T01512_0_M6,['SW1250507303'],32674,1500.0,1653.0,T01512,['2025-06-09']
298,C2270,2025-05-20 11:00:00,2025-05-20 13:30:00,2,32689_ISR(항균)_1500_T01512_0_M6,['SW1250507309'],32689,1500.0,3430.0,T01512,['2025-06-09']
299,C2270,2025-05-20 14:30:00,2025-05-20 16:00:00,2,32694_ISR(항균)_1500_T01512_0_M6,['SW1250507305'],32694,1500.0,1668.0,T01512,['2025-06-09']
300,C2270,2025-05-20 18:00:00,2025-05-20 19:30:00,2,32695_ISR(항균)_1500_T01512_0_M6,['SW1250507306'],32695,1500.0,1683.0,T01512,['2025-06-09']
301,C2270,2025-05-20 20:30:00,2025-05-20 22:00:00,2,32688_ISR(항균)_1500_W2026_0_M6,['SW1250507308'],32688,1500.0,1655.0,W2026,['2025-06-09']
302,C2270,2025-05-21 00:00:00,2025-05-21 02:30:00,3,32672_투명점착_1500_T01750_0_M6,['SW1250507301'],32672,1500.0,3352.0,T01750,['2025-06-09']
303,C2270,2025-05-21 02:30:00,2025-05-21 04:00:00,3,32674_투명점착_1500_T01750_0_M6,['SW1250507303'],32674,1500.0,1653.0,T01750,['2025-06-09']
304,C2270,2025-05-21 06:00:00,2025-05-21 07:30:00,3,32673_투명점착_1500_WRF065_0_M6,['SW1250507302'],32673,1500.0,1643.0,WRF065,['2025-06-09']
305,C2270,2025-05-21 07:30:00,2025-05-21 09:00:00,3,32688_투명점착_1500_WRF065_0_M6,['SW1250507308'],32688,1500.0,1655.0,WRF065,['2025-06-09']
306,C2270,2025-05-21 09:00:00,2025-05-21 11:30:00,3,32689_투명점착_1500_WRF065_0_M6,['SW1250507309'],32689,1500.0,3430.0,WRF065,['2025-06-09']
307,C2270,2025-05-21 11:30:00,2025-05-21 13:00:00,3,32694_투명점착_1500_WRF065_0_M6,['SW1250507305'],32694,1500.0,1668.0,WRF065,['2025-06-09']
308,C2270,2025-05-21 13:00:00,2025-05-21 14:30:00,3,32695_투명점착_1500_WRF065_0_M6,['SW1250507306'],32695,1500.0,1683.0,WRF065,['2025-06-09']
309,C2270,2025-05-21 16:30:00,2025-05-21 17:30:00,2,31017_MIBK SR_1500_T02149_0_M6,['SW1250515602'],31017,1500.0,1648.0,T02149,['2025-06-13']
310,C2270,2025-05-21 17:30:00,2025-05-21 18:30:00,2,31505_MIBK SR_1500_T02149_0_M6,['SW1250515603'],31505,1500.0,1656.0,T02149,['2025-06-13']
311,C2270,2025-05-21 19:30:00,2025-05-21 21:00:00,3,31017_투명점착_1500_W1818_0_M6,['SW1250515602'],31017,1500.0,1648.0,W1818,['2025-06-13']
312,C2270,2025-05-21 23:00:00,2025-05-22 00:30:00,3,31505_투명점착_1500_WRF065_0_M6,['SW1250515603'],31505,1500.0,1656.0,WRF065,['2025-06-13']
313,C2270,2025-05-22 02:30:00,2025-05-22 05:00:00,2,31020_ISR(하드코팅)_1500_T02150_0_M6,['SW1250507401'],31020,1500.0,5049.0,T02150,['2025-06-16']
314,C2270,2025-05-22 05:00:00,2025-05-22 07:00:00,2,31021_ISR(하드코팅)_1500_T02150_0_M6,['SW1250507402'],31021,1500.0,3350.0,T02150,['2025-06-16']
315,C2270,2025-05-22 07:00:00,2025-05-22 09:00:00,2,31025_ISR(하드코팅)_1500_T02150_0_M6,['SW1250507405'],31025,1500.0,3338.0,T02150,['2025-06-16']
316,C2270,2025-05-22 09:00:00,2025-05-22 10:00:00,2,31026_ISR(하드코팅)_1500_T02150_0_M6,['SW1250507406'],31026,1500.0,1632.0,T02150,['2025-06-16']
317,C2270,2025-05-22 11:30:00,2025-05-22 13:30:00,2,32002_ISR(하드코팅)_1500_T02150_0_M6,['SW1250507408'],32002,1500.0,3461.0,T02150,['2025-06-16']
318,C2270,2025-05-22 14:30:00,2025-05-22 17:00:00,2,31024_ISR(하드코팅)_1500_W1818_0_M6,['SW1250507404'],31024,1500.0,4968.0,W1818,['2025-06-16']
319,C2270,2025-05-22 18:00:00,2025-05-22 21:30:00,3,31020_투명점착_1500_T01750_0_M6,['SW1250507401'],31020,1500.0,5049.0,T01750,['2025-06-16']
320,C2270,2025-05-22 21:30:00,2025-05-23 00:00:00,3,31021_투명점착_1500_T01750_0_M6,['SW1250507402'],31021,1500.0,3350.0,T01750,['2025-06-16']
321,C2270,2025-05-23 00:00:00,2025-05-23 03:30:00,3,31024_투명점착_1500_T01750_0_M6,['SW1250507404'],31024,1500.0,4968.0,T01750,['2025-06-16']
322,C2270,2025-05-23 03:30:00,2025-05-23 05:00:00,3,31026_투명점착_1500_T01750_0_M6,['SW1250507406'],31026,1500.0,1632.0,T01750,['2025-06-16']
323,C2270,2025-05-23 05:00:00,2025-05-23 07:30:00,3,32002_투명점착_1500_T01750_0_M6,['SW1250507408'],32002,1500.0,3461.0,T01750,['2025-06-16']
324,C2270,2025-05-23 09:30:00,2025-05-23 12:00:00,3,31025_투명점착_1500_W2026_0_M6,['SW1250507405'],31025,1500.0,3338.0,W2026,['2025-06-16']
325,C2270,2025-05-23 14:00:00,2025-05-23 15:00:00,2,31925_MIBK SR_1500_T02149_0_M6,['SW1250507410'],31925,1500.0,1699.0,T02149,['2025-06-16']
326,C2270,2025-05-23 15:00:00,2025-05-23 16:30:00,2,30458_MIBK SR_1500_T02149_1_M6,"['SW1250512202', 'SW1250512204']",30458,1500.0,2573.0,T02149,"['2025-06-20', '2025-06-20']"
327,C2270,2025-05-23 16:30:00,2025-05-23 17:00:00,2,30458_MIBK SR_1500_T02149_3_M6,['SW1250512203'],30458,1500.0,503.0,T02149,['2025-06-20']
328,C2270,2025-05-23 17:00:00,2025-05-23 18:30:00,2,30460_MIBK SR_1500_T02149_0_M6,['SW1250512205'],30460,1500.0,3348.0,T02149,['2025-06-20']
329,C2270,2025-05-23 18:30:00,2025-05-23 22:30:00,2,30460_MIBK SR_1500_T02149_1_M6,['SW1250512206'],30460,1500.0,8405.0,T02149,['2025-06-20']
330,C2270,2025-05-23 22:30:00,2025-05-23 23:30:00,2,31503_MIBK SR_1500_T02149_0_M6,['SW1250512207'],31503,1500.0,1234.0,T02149,['2025-06-20']
331,C2270,2025-05-23 23:30:00,2025-05-24 00:00:00,2,31503_MIBK SR_1500_T02149_1_M6,"['SW1250512208', 'SW1250512210']",31503,1500.0,1142.0,T02149,"['2025-06-20', '2025-06-20']"
332,C2270,2025-05-24 00:00:00,2025-05-24 00:30:00,2,31503_MIBK SR_1500_T02149_3_M6,['SW1250512209'],31503,1500.0,343.0,T02149,['2025-06-20']
333,C2270,2025-05-24 01:30:00,2025-05-24 02:00:00,2,31382_MIBK SR_1500_W1817_0_M6,['SW1250512201'],31382,1500.0,669.0,W1817,['2025-06-20']
334,C2270,2025-05-24 02:00:00,2025-05-24 02:30:00,2,31382_MIBK SR_1500_W1817_1_M6,['SW1250512211'],31382,1500.0,334.0,W1817,['2025-06-20']
335,C2270,2025-05-24 03:30:00,2025-05-24 05:00:00,3,31925_투명점착_1500_T01750_0_M6,['SW1250507410'],31925,1500.0,1699.0,T01750,['2025-06-16']
336,C2270,2025-05-24 07:00:00,2025-05-24 09:00:00,3,30458_투명점착_1500_W2010_1_M6,"['SW1250512202', 'SW1250512204']",30458,1500.0,2573.0,W2010,"['2025-06-20', '2025-06-20']"
337,C2270,2025-05-24 09:00:00,2025-05-24 09:30:00,3,30458_투명점착_1500_W2010_3_M6,['SW1250512203'],30458,1500.0,503.0,W2010,['2025-06-20']
338,C2270,2025-05-24 09:30:00,2025-05-24 10:00:00,3,31382_투명점착_1500_W2010_0_M6,['SW1250512201'],31382,1500.0,669.0,W2010,['2025-06-20']
339,C2270,2025-05-24 10:00:00,2025-05-24 10:30:00,3,31382_투명점착_1500_W2010_1_M6,['SW1250512211'],31382,1500.0,334.0,W2010,['2025-06-20']
340,C2270,2025-05-24 12:30:00,2025-05-24 13:30:00,3,31503_투명점착_1500_WRF065_0_M6,['SW1250512207'],31503,1500.0,1234.0,WRF065,['2025-06-20']
341,C2270,2025-05-24 13:30:00,2025-05-24 14:00:00,3,31503_투명점착_1500_WRF065_3_M6,['SW1250512209'],31503,1500.0,343.0,WRF065,['2025-06-20']
342,C2270,2025-05-24 16:00:00,2025-05-24 17:30:00,2,32687_ISR(항균)_1500_W2026_0_M6,['SW1250507307'],32687,1500.0,1654.0,W2026,['2025-06-09']
343,C2270,2025-05-24 19:30:00,2025-05-24 21:00:00,2,32693_ISR(항균)_1500_W2026_0_M6,['SW1250507304'],32693,1500.0,1701.0,W2026,['2025-06-09']
344,C2270,2025-05-24 22:00:00,2025-05-24 23:00:00,3,31503_투명점착_1500_WRF065_1_M6,"['SW1250512208', 'SW1250512210']",31503,1500.0,1142.0,WRF065,"['2025-06-20', '2025-06-20']"
345,C2270,2025-05-24 23:00:00,2025-05-25 00:30:00,3,32687_투명점착_1500_WRF065_0_M6,['SW1250507307'],32687,1500.0,1654.0,WRF065,['2025-06-09']
346,C2270,2025-05-25 00:30:00,2025-05-25 02:00:00,3,32693_투명점착_1500_WRF065_0_M6,['SW1250507304'],32693,1500.0,1701.0,WRF065,['2025-06-09']
347,C2270,2025-05-25 03:00:00,2025-05-25 04:00:00,2,31016_MIBK SR_1500_T02149_0_M6,['SW1250515601'],31016,1500.0,1779.0,T02149,['2025-06-13']
348,C2270,2025-05-25 05:00:00,2025-05-25 06:00:00,2,32320_ISR(하드코팅)_1500_W1818_0_M6,['SW1250512603'],32320,1500.0,1699.0,W1818,['2025-06-23']
349,C2270,2025-05-25 06:00:00,2025-05-25 07:30:00,3,31016_투명점착_1500_W1818_0_M6,['SW1250515601'],31016,1500.0,1779.0,W1818,['2025-06-13']
350,C2270,2025-05-25 07:30:00,2025-05-25 08:30:00,2,32311_ISR(하드코팅)_1500_W1818_0_M6,['SW1250508419'],32311,1500.0,1599.0,W1818,['2025-06-26']
351,C2270,2025-05-25 09:30:00,2025-05-25 12:00:00,3,30460_투명점착_1500_WRF065_0_M6,['SW1250512205'],30460,1500.0,3348.0,WRF065,['2025-06-20']
352,C2270,2025-05-25 12:00:00,2025-05-25 17:30:00,3,30460_투명점착_1500_WRF065_1_M6,['SW1250512206'],30460,1500.0,8405.0,WRF065,['2025-06-20']
353,C2270,2025-05-25 19:30:00,2025-05-25 20:00:00,2,30148_ISR(하드코팅)_1500_T02150_0_M6,['SW1250504508'],30148,1500.0,979.0,T02150,['2025-06-17']
354,C2270,2025-05-25 21:00:00,2025-05-25 22:00:00,3,30148_투명점착_1500_W1818_0_M6,['SW1250504508'],30148,1500.0,979.0,W1818,['2025-06-17']
355,C2270,2025-05-25 22:00:00,2025-05-25 23:00:00,2,32311_ISR(하드코팅)_1500_W1818_1_M6,"['SW1250508420', 'SW1250508421']",32311,1500.0,1599.0,W1818,"['2025-06-26', '2025-06-26']"
356,C2270,2025-05-26 00:00:00,2025-05-26 01:00:00,2,32305_ISR(하드코팅)_1500_T02150_0_M6,['SW1250508404'],32305,1500.0,1616.0,T02150,['2025-06-26']
357,C2270,2025-05-26 01:00:00,2025-05-26 02:00:00,2,32307_ISR(하드코팅)_1500_T02150_0_M6,['SW1250508410'],32307,1500.0,1613.0,T02150,['2025-06-26']
358,C2270,2025-05-26 02:00:00,2025-05-26 03:30:00,2,32307_ISR(하드코팅)_1500_T02150_1_M6,"['SW1250508411', 'SW1250508412']",32307,1500.0,2581.0,T02150,"['2025-06-26', '2025-06-26']"
359,C2270,2025-05-26 03:30:00,2025-05-26 04:30:00,2,32313_ISR(하드코팅)_1500_T02150_0_M6,['SW1250508425'],32313,1500.0,1615.0,T02150,['2025-06-26']
360,C2270,2025-05-26 04:30:00,2025-05-26 05:30:00,2,32313_ISR(하드코팅)_1500_T02150_1_M6,"['SW1250508426', 'SW1250508427']",32313,1500.0,1615.0,T02150,"['2025-06-26', '2025-06-26']"
361,C2270,2025-05-26 05:30:00,2025-05-26 06:30:00,2,32314_ISR(하드코팅)_1500_T02150_0_M6,['SW1250508428'],32314,1500.0,1570.0,T02150,['2025-06-26']
362,C2270,2025-05-26 06:30:00,2025-05-26 07:00:00,2,32314_ISR(하드코팅)_1500_T02150_1_M6,"['SW1250508429', 'SW1250508430']",32314,1500.0,942.0,T02150,"['2025-06-26', '2025-06-26']"
363,C2270,2025-05-26 07:00:00,2025-05-26 08:00:00,2,32319_ISR(하드코팅)_1500_T02150_0_M6,['SW1250508435'],32319,1500.0,1723.0,T02150,['2025-06-26']
364,C2270,2025-05-26 08:00:00,2025-05-26 08:30:00,2,32319_ISR(하드코팅)_1500_T02150_1_M6,"['SW1250508436', 'SW1250508437']",32319,1500.0,689.0,T02150,"['2025-06-26', '2025-06-26']"
365,C2270,2025-05-26 09:30:00,2025-05-26 10:30:00,2,32305_ISR(하드코팅)_1000_T02150_1_M6,"['SW1250508405', 'SW1250508406']",32305,1000.0,1939.0,T02150,"['2025-06-26', '2025-06-26']"
366,C2270,2025-05-26 11:30:00,2025-05-26 13:00:00,3,32320_투명점착_1500_WRF065_0_M6,['SW1250512603'],32320,1500.0,1699.0,WRF065,['2025-06-23']
367,C2270,2025-05-26 13:00:00,2025-05-26 14:00:00,3,32305_투명점착_1500_WRF065_0_M6,['SW1250508404'],32305,1500.0,1616.0,WRF065,['2025-06-26']
368,C2270,2025-05-26 14:00:00,2025-05-26 15:00:00,3,32307_투명점착_1500_WRF065_0_M6,['SW1250508410'],32307,1500.0,1613.0,WRF065,['2025-06-26']
369,C2270,2025-05-26 15:00:00,2025-05-26 17:00:00,3,32307_투명점착_1500_WRF065_1_M6,"['SW1250508411', 'SW1250508412']",32307,1500.0,2581.0,WRF065,"['2025-06-26', '2025-06-26']"
370,C2270,2025-05-26 17:00:00,2025-05-26 18:00:00,3,32311_투명점착_1500_WRF065_0_M6,['SW1250508419'],32311,1500.0,1599.0,WRF065,['2025-06-26']
371,C2270,2025-05-26 18:00:00,2025-05-26 19:00:00,3,32311_투명점착_1500_WRF065_1_M6,"['SW1250508420', 'SW1250508421']",32311,1500.0,1599.0,WRF065,"['2025-06-26', '2025-06-26']"
372,C2270,2025-05-26 19:00:00,2025-05-26 20:00:00,3,32313_투명점착_1500_WRF065_0_M6,['SW1250508425'],32313,1500.0,1615.0,WRF065,['2025-06-26']
373,C2270,2025-05-26 20:00:00,2025-05-26 21:00:00,3,32313_투명점착_1500_WRF065_1_M6,"['SW1250508426', 'SW1250508427']",32313,1500.0,1615.0,WRF065,"['2025-06-26', '2025-06-26']"
374,C2270,2025-05-26 21:00:00,2025-05-26 22:00:00,3,32314_투명점착_1500_WRF065_0_M6,['SW1250508428'],32314,1500.0,1570.0,WRF065,['2025-06-26']
375,C2270,2025-05-26 22:00:00,2025-05-26 23:00:00,3,32314_투명점착_1500_WRF065_1_M6,"['SW1250508429', 'SW1250508430']",32314,1500.0,942.0,WRF065,"['2025-06-26', '2025-06-26']"
376,C2270,2025-05-26 23:00:00,2025-05-27 00:30:00,3,32319_투명점착_1500_WRF065_0_M6,['SW1250508435'],32319,1500.0,1723.0,WRF065,['2025-06-26']
377,C2270,2025-05-27 00:30:00,2025-05-27 01:00:00,3,32319_투명점착_1500_WRF065_1_M6,"['SW1250508436', 'SW1250508437']",32319,1500.0,689.0,WRF065,"['2025-06-26', '2025-06-26']"
378,C2270,2025-05-27 03:00:00,2025-05-27 04:00:00,2,32717_MIBK SR_1500_T02149_0_M6,['SW1250506901'],32717,1500.0,1690.0,T02149,['2025-06-25']
379,C2270,2025-05-27 05:00:00,2025-05-27 06:00:00,2,32001_ISR(하드코팅)_1500_T02150_0_M6,['SW1250507407'],32001,1500.0,1707.0,T02150,['2025-06-16']
380,C2270,2025-05-27 08:00:00,2025-05-27 09:30:00,3,32001_투명점착_1500_T01750_0_M6,['SW1250507407'],32001,1500.0,1707.0,T01750,['2025-06-16']
381,C2270,2025-05-27 11:30:00,2025-05-27 13:00:00,3,32305_투명점착_1000_WRF065_1_M6,"['SW1250508405', 'SW1250508406']",32305,1000.0,1939.0,WRF065,"['2025-06-26', '2025-06-26']"
382,C2270,2025-05-27 15:00:00,2025-05-27 16:00:00,2,30566_ISR(하드코팅)_1500_T02150_0_M6,['SW1250507001'],30566,1500.0,1680.0,T02150,['2025-06-23']
383,C2270,2025-05-27 17:00:00,2025-05-27 18:30:00,3,30566_투명점착_1500_W1818_0_M6,['SW1250507001'],30566,1500.0,1680.0,W1818,['2025-06-23']
384,C2270,2025-05-27 19:30:00,2025-05-27 21:30:00,2,32318_ISR(하드코팅)_1500_W1818_0_M6,['SW1250512403'],32318,1500.0,3246.0,W1818,['2025-06-24']
385,C2270,2025-05-27 22:30:00,2025-05-27 23:30:00,2,32318_ISR(하드코팅)_1000_W1818_1_M6,['SW1250508434'],32318,1000.0,1623.0,W1818,['2025-06-26']
386,C2270,2025-05-28 01:00:00,2025-05-28 02:00:00,2,32304_ISR(하드코팅)_1500_T02150_1_M6,"['SW1250508402', 'SW1250508403']",32304,1500.0,1615.0,T02150,"['2025-06-26', '2025-06-26']"
387,C2270,2025-05-28 02:00:00,2025-05-28 03:00:00,2,31737_ISR(하드코팅)_1500_T02150_0_M7,['SW1250505206'],31737,1500.0,2003.0,T02150,['2025-07-01']
388,C2270,2025-05-28 04:30:00,2025-05-28 05:30:00,2,32306_ISR(하드코팅)_1500_T02150_0_M6,['SW1250508407'],32306,1500.0,1618.0,T02150,['2025-06-26']
389,C2270,2025-05-28 06:30:00,2025-05-28 07:30:00,2,32718_MIBK SR_1500_T02149_0_M6,['SW1250506902'],32718,1500.0,1693.0,T02149,['2025-06-25']
390,C2270,2025-05-28 08:30:00,2025-05-28 10:30:00,2,32306_ISR(하드코팅)_1000_T02150_1_M6,"['SW1250508408', 'SW1250508409']",32306,1000.0,3560.0,T02150,"['2025-06-26', '2025-06-26']"
391,C2270,2025-05-28 12:00:00,2025-05-28 13:00:00,2,32309_ISR(하드코팅)_1500_T02150_0_M6,['SW1250508413'],32309,1500.0,1633.0,T02150,['2025-06-26']
392,C2270,2025-05-28 13:30:00,2025-05-28 14:30:00,2,32309_ISR(하드코팅)_1500_T02150_1_M6,"['SW1250508414', 'SW1250508415']",32309,1500.0,1633.0,T02150,"['2025-06-26', '2025-06-26']"
393,C2270,2025-05-28 14:30:00,2025-05-28 16:30:00,2,31738_ISR(하드코팅)_1500_T02150_0_M7,['SW1250505207'],31738,1500.0,3986.0,T02150,['2025-07-01']
394,C2270,2025-05-28 17:00:00,2025-05-28 18:00:00,2,32310_ISR(하드코팅)_1500_T02150_0_M6,['SW1250508416'],32310,1500.0,1674.0,T02150,['2025-06-26']
395,C2270,2025-05-28 19:00:00,2025-05-28 20:00:00,2,32719_MIBK SR_1500_T02149_0_M6,['SW1250506903'],32719,1500.0,1640.0,T02149,['2025-06-25']
396,C2270,2025-05-28 21:30:00,2025-05-29 00:00:00,2,32310_ISR(하드코팅)_1000_T02150_1_M6,"['SW1250508417', 'SW1250508418']",32310,1000.0,4353.0,T02150,"['2025-06-26', '2025-06-26']"
397,C2270,2025-05-29 01:00:00,2025-05-29 02:00:00,2,32312_ISR(하드코팅)_1500_T02150_0_M6,['SW1250508422'],32312,1500.0,1596.0,T02150,['2025-06-26']
398,C2270,2025-05-29 02:00:00,2025-05-29 02:30:00,2,32312_ISR(하드코팅)_1500_T02150_1_M6,"['SW1250508423', 'SW1250508424']",32312,1500.0,958.0,T02150,"['2025-06-26', '2025-06-26']"
399,C2270,2025-05-29 03:30:00,2025-05-29 05:00:00,2,32225_MIBK SR_1500_T02149_0_M6,['SW1250507103'],32225,1500.0,3315.0,T02149,['2025-06-30']
400,C2270,2025-05-29 06:00:00,2025-05-29 07:00:00,2,32303_ISR(하드코팅)_1000_T02150_1_M6,['SW1250508401'],32303,1000.0,1617.0,T02150,['2025-06-26']
401,C2270,2025-05-29 08:00:00,2025-05-29 09:00:00,3,32304_투명점착_1500_WRF065_1_M6,"['SW1250508402', 'SW1250508403']",32304,1500.0,1615.0,WRF065,"['2025-06-26', '2025-06-26']"
402,C2270,2025-05-29 09:00:00,2025-05-29 11:30:00,3,32318_투명점착_1500_WRF065_0_M6,['SW1250512403'],32318,1500.0,3246.0,WRF065,['2025-06-24']
403,C2270,2025-05-29 11:30:00,2025-05-29 12:30:00,3,32306_투명점착_1500_WRF065_0_M6,['SW1250508407'],32306,1500.0,1618.0,WRF065,['2025-06-26']
404,C2270,2025-05-29 12:30:00,2025-05-29 14:00:00,3,32309_투명점착_1500_WRF065_0_M6,['SW1250508413'],32309,1500.0,1633.0,WRF065,['2025-06-26']
405,C2270,2025-05-29 14:00:00,2025-05-29 15:30:00,3,32309_투명점착_1500_WRF065_1_M6,"['SW1250508414', 'SW1250508415']",32309,1500.0,1633.0,WRF065,"['2025-06-26', '2025-06-26']"
406,C2270,2025-05-29 15:30:00,2025-05-29 17:00:00,3,32310_투명점착_1500_WRF065_0_M6,['SW1250508416'],32310,1500.0,1674.0,WRF065,['2025-06-26']
407,C2270,2025-05-29 17:00:00,2025-05-29 18:00:00,3,32312_투명점착_1500_WRF065_0_M6,['SW1250508422'],32312,1500.0,1596.0,WRF065,['2025-06-26']
408,C2270,2025-05-29 18:00:00,2025-05-29 19:00:00,3,32312_투명점착_1500_WRF065_1_M6,"['SW1250508423', 'SW1250508424']",32312,1500.0,958.0,WRF065,"['2025-06-26', '2025-06-26']"
409,C2270,2025-05-29 20:00:00,2025-05-29 21:00:00,3,32303_투명점착_1000_WRF065_1_M6,['SW1250508401'],32303,1000.0,1617.0,WRF065,['2025-06-26']
410,C2270,2025-05-29 21:00:00,2025-05-29 23:30:00,3,32306_투명점착_1000_WRF065_1_M6,"['SW1250508408', 'SW1250508409']",32306,1000.0,3560.0,WRF065,"['2025-06-26', '2025-06-26']"
411,C2270,2025-05-29 23:30:00,2025-05-30 02:30:00,3,32310_투명점착_1000_WRF065_1_M6,"['SW1250508417', 'SW1250508418']",32310,1000.0,4353.0,WRF065,"['2025-06-26', '2025-06-26']"
412,C2270,2025-05-30 02:30:00,2025-05-30 04:00:00,3,32318_투명점착_1000_WRF065_1_M6,['SW1250508434'],32318,1000.0,1623.0,WRF065,['2025-06-26']
413,C2270,2025-05-30 05:00:00,2025-05-30 06:30:00,3,32717_투명점착_1500_WRF065_0_M6,['SW1250506901'],32717,1500.0,1690.0,WRF065,['2025-06-25']
414,C2270,2025-05-30 06:30:00,2025-05-30 08:00:00,3,32718_투명점착_1500_WRF065_0_M6,['SW1250506902'],32718,1500.0,1693.0,WRF065,['2025-06-25']
415,C2270,2025-05-30 08:00:00,2025-05-30 09:30:00,3,32719_투명점착_1500_WRF065_0_M6,['SW1250506903'],32719,1500.0,1640.0,WRF065,['2025-06-25']
416,C2270,2025-05-30 11:30:00,2025-05-30 19:00:00,3,32222_투명점착_1500_T01750_0_M6,['SW1250507102'],32222,1500.0,11669.0,T01750,['2025-06-30']
417,C2270,2025-05-30 21:00:00,2025-05-30 22:30:00,3,30458_투명점착_1500_W2010_0_M7,['SW1250513404'],30458,1500.0,1678.0,W2010,['2025-07-01']
418,C2270,2025-05-30 22:30:00,2025-05-31 00:00:00,3,31361_투명점착_1500_W2010_0_M7,['SW1250513408'],31361,1500.0,1684.0,W2010,['2025-07-01']
419,C2270,2025-05-31 01:00:00,2025-05-31 02:00:00,2,31652_MIBK SR_1500_T02149_0_M7,['SW1250505204'],31652,1500.0,1998.0,T02149,['2025-07-01']
420,C2270,2025-05-31 02:00:00,2025-05-31 04:00:00,2,31800_MIBK SR_1500_T02149_0_M7,['SW1250505202'],31800,1500.0,3988.0,T02149,['2025-07-01']
421,C2270,2025-05-31 04:00:00,2025-05-31 06:00:00,2,31802_MIBK SR_1500_T02149_0_M7,['SW1250505203'],31802,1500.0,3959.0,T02149,['2025-07-01']
422,C2270,2025-05-31 06:00:00,2025-05-31 08:00:00,2,32016_MIBK SR_1500_T02149_0_M7,['SW1250505215'],32016,1500.0,4164.0,T02149,['2025-07-01']
423,C2270,2025-05-31 08:00:00,2025-05-31 10:00:00,2,32017_MIBK SR_1500_T02149_0_M7,['SW1250505216'],32017,1500.0,4044.0,T02149,['2025-07-01']
424,C2270,2025-05-31 11:00:00,2025-05-31 12:00:00,2,31798_MIBK SR_1500_W1817_0_M7,['SW1250505201'],31798,1500.0,2004.0,W1817,['2025-07-01']
425,C2270,2025-05-31 14:00:00,2025-05-31 16:30:00,3,32225_투명점착_1500_T01750_0_M6,['SW1250507103'],32225,1500.0,3315.0,T01750,['2025-06-30']
426,C2270,2025-05-31 18:30:00,2025-05-31 20:00:00,3,31652_투명점착_1500_WRF065_0_M7,['SW1250505204'],31652,1500.0,1998.0,WRF065,['2025-07-01']
427,C2270,2025-05-31 20:00:00,2025-05-31 21:30:00,3,31798_투명점착_1500_WRF065_0_M7,['SW1250505201'],31798,1500.0,2004.0,WRF065,['2025-07-01']
428,C2270,2025-05-31 21:30:00,2025-06-01 00:00:00,3,31800_투명점착_1500_WRF065_0_M7,['SW1250505202'],31800,1500.0,3988.0,WRF065,['2025-07-01']
429,C2270,2025-06-01 00:00:00,2025-06-01 02:30:00,3,31802_투명점착_1500_WRF065_0_M7,['SW1250505203'],31802,1500.0,3959.0,WRF065,['2025-07-01']
430,C2270,2025-06-01 02:30:00,2025-06-01 05:30:00,3,32016_투명점착_1500_WRF065_0_M7,['SW1250505215'],32016,1500.0,4164.0,WRF065,['2025-07-01']
431,C2270,2025-06-01 05:30:00,2025-06-01 08:30:00,3,32017_투명점착_1500_WRF065_0_M7,['SW1250505216'],32017,1500.0,4044.0,WRF065,['2025-07-01']
432,C2270,2025-06-01 09:30:00,2025-06-01 12:00:00,2,31600_WSR 코팅_1500_W1912_0_M7,['SW1250505205'],31600,1500.0,4026.0,W1912,['2025-07-01']
433,C2270,2025-06-01 14:00:00,2025-06-01 17:00:00,3,31600_투명점착_1500_WRF065_0_M7,['SW1250505205'],31600,1500.0,4026.0,WRF065,['2025-07-01']
434,C2270,2025-06-01 18:00:00,2025-06-01 19:30:00,2,32262_ISR(하드코팅)_1500_T02150_0_M7,['SW1250505211'],32262,1500.0,2119.0,T02150,['2025-07-01']
435,C2270,2025-06-01 19:30:00,2025-06-01 21:30:00,2,32264_ISR(하드코팅)_1500_T02150_0_M7,['SW1250505212'],32264,1500.0,4046.0,T02150,['2025-07-01']
436,C2270,2025-06-01 22:30:00,2025-06-01 23:30:00,2,31739_ISR(하드코팅)_1500_W1818_0_M7,['SW1250505208'],31739,1500.0,2000.0,W1818,['2025-07-01']
437,C2270,2025-06-01 23:30:00,2025-06-02 00:30:00,2,32260_ISR(하드코팅)_1500_W1818_0_M7,['SW1250505209'],32260,1500.0,2040.0,W1818,['2025-07-01']
438,C2270,2025-06-02 00:30:00,2025-06-02 02:30:00,2,32261_ISR(하드코팅)_1500_W1818_0_M7,['SW1250505210'],32261,1500.0,3982.0,W1818,['2025-07-01']
439,C2270,2025-06-02 02:30:00,2025-06-02 03:30:00,2,32266_ISR(하드코팅)_1500_W1818_0_M7,['SW1250505213'],32266,1500.0,2036.0,W1818,['2025-07-01']
440,C2270,2025-06-02 03:30:00,2025-06-02 05:30:00,2,32267_ISR(하드코팅)_1500_W1818_0_M7,['SW1250505214'],32267,1500.0,4165.0,W1818,['2025-07-01']
441,C2270,2025-06-02 05:30:00,2025-06-02 06:30:00,2,32315_ISR(하드코팅)_1500_W1818_0_M7,['SW1250508431'],32315,1500.0,1676.0,W1818,['2025-07-10']
442,C2270,2025-06-02 07:30:00,2025-06-02 09:00:00,3,31737_투명점착_1500_WRF065_0_M7,['SW1250505206'],31737,1500.0,2003.0,WRF065,['2025-07-01']
443,C2270,2025-06-02 09:00:00,2025-06-02 11:30:00,3,31738_투명점착_1500_WRF065_0_M7,['SW1250505207'],31738,1500.0,3986.0,WRF065,['2025-07-01']
444,C2270,2025-06-02 11:30:00,2025-06-02 13:00:00,3,31739_투명점착_1500_WRF065_0_M7,['SW1250505208'],31739,1500.0,2000.0,WRF065,['2025-07-01']
445,C2270,2025-06-02 13:00:00,2025-06-02 14:30:00,3,32260_투명점착_1500_WRF065_0_M7,['SW1250505209'],32260,1500.0,2040.0,WRF065,['2025-07-01']
446,C2270,2025-06-02 14:30:00,2025-06-02 17:30:00,3,32261_투명점착_1500_WRF065_0_M7,['SW1250505210'],32261,1500.0,3982.0,WRF065,['2025-07-01']
447,C2270,2025-06-02 17:30:00,2025-06-02 19:30:00,3,32262_투명점착_1500_WRF065_0_M7,['SW1250505211'],32262,1500.0,2119.0,WRF065,['2025-07-01']
448,C2270,2025-06-02 19:30:00,2025-06-02 22:00:00,3,32264_투명점착_1500_WRF065_0_M7,['SW1250505212'],32264,1500.0,4046.0,WRF065,['2025-07-01']
449,C2270,2025-06-02 22:00:00,2025-06-02 23:30:00,3,32266_투명점착_1500_WRF065_0_M7,['SW1250505213'],32266,1500.0,2036.0,WRF065,['2025-07-01']
450,C2270,2025-06-02 23:30:00,2025-06-03 02:30:00,3,32267_투명점착_1500_WRF065_0_M7,['SW1250505214'],32267,1500.0,4165.0,WRF065,['2025-07-01']
451,C2270,2025-06-03 03:30:00,2025-06-03 05:30:00,2,32672_ISR(항균)_1500_T01512_0_M7,['SW1250513407'],32672,1500.0,2648.0,T01512,['2025-07-01']
452,C2270,2025-06-03 05:30:00,2025-06-03 07:00:00,2,32674_ISR(항균)_1500_T01512_0_M7,['SW1250513406'],32674,1500.0,1818.0,T01512,['2025-07-01']
453,C2270,2025-06-03 07:00:00,2025-06-03 08:30:00,2,32692_ISR(항균)_1500_T01512_0_M7,['SW1250513409'],32692,1500.0,1680.0,T01512,['2025-07-01']
454,C2270,2025-06-03 08:30:00,2025-06-03 10:00:00,2,32700_ISR(항균)_1500_T01512_0_M7,['SW1250513405'],32700,1500.0,1698.0,T01512,['2025-07-01']
455,C2270,2025-06-03 12:00:00,2025-06-03 14:00:00,3,32672_투명점착_1500_T01750_0_M7,['SW1250513407'],32672,1500.0,2648.0,T01750,['2025-07-01']
456,C2270,2025-06-03 14:00:00,2025-06-03 15:30:00,3,32674_투명점착_1500_T01750_0_M7,['SW1250513406'],32674,1500.0,1818.0,T01750,['2025-07-01']
457,C2270,2025-06-03 17:30:00,2025-06-03 19:00:00,3,32692_투명점착_1500_WRF065_0_M7,['SW1250513409'],32692,1500.0,1680.0,WRF065,['2025-07-01']
458,C2270,2025-06-03 19:00:00,2025-06-03 20:30:00,3,32700_투명점착_1500_WRF065_0_M7,['SW1250513405'],32700,1500.0,1698.0,WRF065,['2025-07-01']
459,C2270,2025-06-03 21:30:00,2025-06-03 23:00:00,3,28731_유광 S/R_1500_T02149_0_M7,['SW1250504503'],28731,1500.0,2378.0,T02149,['2025-07-10']
460,C2270,2025-06-04 00:00:00,2025-06-04 04:30:00,1,29059_유광 S/R_1500_W1809_0_M7,['SW1250508701'],29059,1500.0,9430.0,W1809,['2025-07-11']
461,C2270,2025-06-04 05:30:00,2025-06-04 07:30:00,2,31023_ISR(하드코팅)_1500_W1818_0_M7,['SW1250507403'],31023,1500.0,3350.0,W1818,['2025-07-10']
462,C2270,2025-06-04 07:30:00,2025-06-04 08:00:00,2,32315_ISR(하드코팅)_1500_W1818_1_M7,"['SW1250508432', 'SW1250508433']",32315,1500.0,670.0,W1818,"['2025-07-10', '2025-07-10']"
463,C2270,2025-06-04 10:00:00,2025-06-04 12:30:00,3,31023_투명점착_1500_T01750_0_M7,['SW1250507403'],31023,1500.0,3350.0,T01750,['2025-07-10']
464,C2270,2025-06-04 14:30:00,2025-06-04 16:00:00,3,32315_투명점착_1500_WRF065_0_M7,['SW1250508431'],32315,1500.0,1676.0,WRF065,['2025-07-10']
465,C2270,2025-06-04 16:00:00,2025-06-04 16:30:00,3,32315_투명점착_1500_WRF065_1_M7,"['SW1250508432', 'SW1250508433']",32315,1500.0,670.0,WRF065,"['2025-07-10', '2025-07-10']"
466,C2270,2025-06-04 18:30:00,2025-06-05 03:00:00,3,32221_투명점착_1500_T01750_0_M7,['SW1250507101'],32221,1500.0,13351.0,T01750,['2025-07-10']
467,C2270,2025-06-05 04:00:00,2025-06-05 05:30:00,2,32316_ISR(하드코팅)_1500_T02150_0_M7,['SW1250512602'],32316,1500.0,2253.0,T02150,['2025-07-10']
468,C2270,2025-06-05 07:30:00,2025-06-05 09:00:00,3,32316_투명점착_1500_WRF065_0_M7,['SW1250512602'],32316,1500.0,2253.0,WRF065,['2025-07-10']
469,C2270,2025-06-05 10:00:00,2025-06-05 11:00:00,2,32730_MIBK SR_1500_T02149_0_M7,['SW1250507409'],32730,1500.0,1727.0,T02149,['2025-07-30']
470,C2270,2025-06-05 13:00:00,2025-06-05 14:30:00,3,32730_투명점착_1500_T01750_0_M7,['SW1250507409'],32730,1500.0,1727.0,T01750,['2025-07-30']
471,O2310,2025-05-26 10:00:00,2025-05-26 15:00:00,2,32222_MIBK SR_1500_W1817_0_M6,['SW1250507102'],32222,1500.0,11669.0,W1817,['2025-06-30']
472,O2310,2025-05-26 18:30:00,2025-05-26 19:30:00,2,30458_MIBK SR_1500_T02149_0_M7,['SW1250513404'],30458,1500.0,1678.0,T02149,['2025-07-01']
473,O2310,2025-05-26 22:00:00,2025-05-26 23:00:00,2,31361_MIBK SR_1500_T01592_0_M7,['SW1250513408'],31361,1500.0,1684.0,T01592,['2025-07-01']
474,O2310,2025-05-31 05:30:00,2025-05-31 11:30:00,2,32221_MIBK SR_1500_W1817_0_M7,['SW1250507101'],32221,1500.0,13351.0,W1817,['2025-07-10']
